mashineID,拠点,hostname,ipaddress,ipaddress2,ipaddress3,whattodo,detail,status,os,macaddress,部署,導入日時,撤去日時
m000001,りんご,skrcltapp001,10.2.1.2,,,桜基盤処理クライアント1号,,稼働中,Windows7,8C-85-90-95-77-99,基盤部,2018/04/01,
m000002,みかん,umeclt001,10.2.21.3,,,梅処理クライアント,,稼働中,WindowsXP,40-50-25-05-40,基盤部,2017/07/06,
m000003,もも,umefls001,10.2.21.4,,,梅FW,,稼働中,,66-26-54-45-71,基盤部,2015/08/15,
m000004,みかん,skrsic001,10.2.21.5,,,桜スイッチ,,稼働中,,43-95-40-33-32,基盤部,2017/08/01,
m000005,みかん,cosclt001,10.2.21.6,,,秋桜処理クライアント,,稼働中,Windows7,19-65-35-54-88,基盤部,2014/11/03,
m000006,りんご,hydclt001,10.2.21.7,,,紫陽花処理クライアント,,稼働中,Windows7,99-47-62-77-27,基盤部,2012/11/25,
m000007,ばなな,cossvr001,10.2.21.8,,,秋桜サーバー,,稼働中,Windows2008,89-69-56-63-07,基盤部,2012/09/07,
m000008,ばなな,umeclt002,10.2.21.9,,,梅処理クライアント,,稼働中,Windows10,87-08-66-86-85,基盤部,2018/07/20,
m000009,みかん,hydclt002,10.2.21.10,,,紫陽花処理クライアント,,稼働中,Windows10,88-56-17-37-07,基盤部,2014/12/02,
m000010,みかん,skrclt002,10.2.21.11,,,桜処理クライアント,,稼働中,Windows7,80-01-73-11-68,基盤部,2010/01/02,
m000011,みかん,skrclt003,10.2.21.12,,,桜処理クライアント,,稼働中,Windows7,84-08-66-81-50,基盤部,2016/08/06,
m000012,みかん,skrhub001,10.2.21.13,,,桜ハブ,,稼働中,,14-12-70-44-55,基盤部,2010/12/26,
m000013,ばなな,cossvr002,10.2.21.14,,,秋桜サーバー,,稼働中,Windows2012R2,75-72-65-48-21,基盤部,2010/04/11,
m000014,もも,cosclt002,10.2.21.15,,,秋桜処理クライアント,,稼働中,WindowsXP,03-19-94-95-81,基盤部,2012/10/15,
m000015,りんご,umeclt003,10.2.21.16,,,梅処理クライアント,,稼働中,Windows7,31-18-05-04-77,基盤部,2015/03/12,
m000016,ばなな,hydclt003,10.2.21.17,,,紫陽花処理クライアント,,稼働中,Windows7,19-47-56-60-39,基盤部,2014/09/02,
m000017,もも,cosclt003,10.2.21.18,,,秋桜処理クライアント,,稼働中,Windows7,37-28-03-00-17,基盤部,2015/09/03,
m000018,みかん,cossvr003,10.2.21.19,,,秋桜サーバー,,稼働中,Windows2008R2,92-26-84-87-11,基盤部,2010/02/22,
m000019,りんご,skrclt004,10.2.21.20,,,桜処理クライアント,,稼働中,Windows7,92-91-88-89-61,基盤部,2014/03/25,
m000020,みかん,umeclt004,10.2.21.21,,,梅処理クライアント,,稼働中,Windows7,13-14-34-16-76,基盤部,2015/02/26,
m000021,ばなな,hydclt004,10.2.21.22,,,紫陽花処理クライアント,,稼働中,Windows10,16-72-56-84-29,基盤部,2014/11/24,
m000022,りんご,skrclt005,10.2.21.23,,,桜処理クライアント,,稼働中,Windows7,51-12-47-27-54,基盤部,2015/08/14,
m000023,ばなな,cosclt004,10.2.21.24,,,秋桜処理クライアント,,稼働中,WindowsXP,79-56-49-64-86,基盤部,2014/03/30,
m000024,りんご,skrclt006,10.2.21.25,,,桜処理クライアント,,稼働中,Windows7,38-26-56-05-91,基盤部,2011/08/29,
m000025,りんご,skrclt007,10.2.21.26,,,桜処理クライアント,,稼働中,WindowsXP,75-92-54-49-60,基盤部,2011/09/08,
m000026,りんご,skrclt008,10.2.21.27,,,桜処理クライアント,,稼働中,Windows10,46-21-63-99-00,基盤部,2017/02/20,
m000027,もも,umeclt005,10.2.21.28,,,梅処理クライアント,,稼働中,Windows7,38-76-25-20-48,基盤部,2011/08/24,
m000028,もも,hydclt005,10.2.21.29,,,紫陽花処理クライアント,,稼働中,Windows7,87-76-78-23-31,基盤部,2017/07/18,
m000029,みかん,skrclt009,10.2.21.30,,,桜処理クライアント,,稼働中,Windows7,35-87-56-37-84,基盤部,2011/11/23,
m000030,ばなな,cosclt005,10.2.21.31,,,秋桜処理クライアント,,稼働中,Windows10,46-42-89-19-83,基盤部,2010/04/18,
m000031,りんご,umeclt006,10.2.21.32,,,梅処理クライアント,,稼働中,Windows7,30-73-98-46-23,基盤部,2015/03/17,
m000032,りんご,umeclt007,10.2.21.33,,,梅処理クライアント,,稼働中,Windows7,16-72-76-32-34,基盤部,2015/04/14,
m000033,みかん,skrclt010,10.2.21.34,,,桜処理クライアント,,稼働中,Windows7,65-87-75-45-06,基盤部,2016/05/07,
m000034,ばなな,cosclt006,10.2.21.35,,,秋桜処理クライアント,,稼働中,Windows7,51-06-92-67-39,基盤部,2015/09/29,
m000035,ばなな,hydhub001,10.2.21.36,,,紫陽花ハブ,,稼働中,,17-74-36-45-82,基盤部,2018/02/17,
m000036,みかん,hydsvr001,10.2.21.37,,,紫陽花サーバー,,稼働中,Windows2016,17-82-68-29-48,基盤部,2014/04/30,
m000037,みかん,umeclt008,10.2.21.38,,,梅処理クライアント,,稼働中,Windows10,18-99-62-65-37,基盤部,2018/03/19,
m000038,ばなな,skrclt011,10.2.21.39,,,桜処理クライアント,,稼働中,Windows7,95-66-05-90-65,基盤部,2011/10/11,
m000039,りんご,skrclt012,10.2.21.40,,,桜処理クライアント,,稼働中,Windows10,01-27-62-99-67,基盤部,2017/09/23,
m000040,りんご,umeclt009,10.2.21.41,,,梅処理クライアント,,稼働中,Windows7,67-77-25-85-19,基盤部,2011/02/15,
m000041,りんご,skrfls001,10.2.21.42,,,桜FW,,稼働中,,41-90-83-17-26,基盤部,2011/08/21,
m000042,りんご,umeclt010,10.2.21.43,,,梅処理クライアント,,稼働中,Windows7,08-23-99-75-59,基盤部,2014/10/06,
m000043,みかん,hydsvr002,10.2.21.44,,,紫陽花サーバー,,稼働中,Windows2016,47-48-92-31-98,基盤部,2013/09/13,
m000044,もも,hydclt006,10.2.21.45,,,紫陽花処理クライアント,,稼働中,Windows7,28-19-91-31-35,基盤部,2013/12/25,
m000045,みかん,cosclt007,10.2.21.46,,,秋桜処理クライアント,,稼働中,Windows10,45-65-06-43-44,基盤部,2016/08/08,
m000046,みかん,umeclt011,10.2.21.47,,,梅処理クライアント,,稼働中,WindowsXP,75-24-43-52-78,基盤部,2010/10/07,
m000047,りんご,hydclt007,10.2.21.48,,,紫陽花処理クライアント,,稼働中,Windows10,24-49-63-12-08,基盤部,2012/08/01,
m000048,りんご,cosclt008,10.2.21.49,,,秋桜処理クライアント,,稼働中,WindowsXP,28-06-17-79-17,基盤部,2017/10/12,
m000049,もも,cosclt009,10.2.21.50,,,秋桜処理クライアント,,稼働中,Windows10,87-80-62-79-33,基盤部,2012/03/24,
m000050,もも,umesvr001,10.2.21.51,,,梅サーバー,,稼働中,Windows2012,09-85-42-27-90,基盤部,2013/10/20,
m000051,みかん,skrsvr001,10.2.21.52,,,桜サーバー,,稼働中,Windows2003,03-12-85-69-12,基盤部,2017/11/08,
m000052,りんご,hydsvr003,10.2.21.53,,,紫陽花サーバー,,稼働中,Windows2008,07-63-16-93-34,基盤部,2011/12/18,
m000053,ばなな,skrsic002,10.2.21.54,,,桜スイッチ,,稼働中,,18-27-10-83-72,基盤部,2016/01/19,
m000054,りんご,umesvr002,10.2.21.55,,,梅サーバー,,稼働中,Windows2003,24-06-88-36-61,基盤部,2016/08/24,
m000055,ばなな,skrsic003,10.2.21.56,,,桜スイッチ,,稼働中,,42-19-63-47-14,基盤部,2016/12/23,
m000056,ばなな,hydsvr004,10.2.21.57,,,紫陽花サーバー,,稼働中,Windows2003,67-14-46-12-83,基盤部,2015/06/17,
m000057,みかん,hydclt008,10.2.21.58,,,紫陽花処理クライアント,,稼働中,Windows7,98-27-13-81-76,基盤部,2012/12/01,
m000058,りんご,skrclt013,10.2.21.59,,,桜処理クライアント,,稼働中,Windows7,24-94-90-97-61,基盤部,2013/03/02,
m000059,みかん,hydclt009,10.2.21.60,,,紫陽花処理クライアント,,稼働中,Windows7,59-56-38-01-43,基盤部,2016/02/12,
m000060,りんご,umeclt012,10.2.21.61,,,梅処理クライアント,,稼働中,WindowsXP,94-15-25-32-11,基盤部,2011/05/09,
m000061,もも,umesvr003,10.2.21.62,,,梅サーバー,,稼働中,Windows2008,26-36-05-51-35,基盤部,2010/03/23,
m000062,みかん,hydclt010,10.2.21.63,,,紫陽花処理クライアント,,稼働中,Windows7,74-53-89-90-95,基盤部,2017/11/03,
m000063,みかん,umeclt013,10.2.21.64,,,梅処理クライアント,,稼働中,WindowsXP,94-71-25-23-36,基盤部,2012/05/13,
m000064,ばなな,hydclt011,10.2.21.65,,,紫陽花処理クライアント,,稼働中,Windows7,38-53-17-08-84,基盤部,2015/11/02,
m000065,りんご,cosclt010,10.2.21.66,,,秋桜処理クライアント,,稼働中,Windows10,85-73-71-09-91,基盤部,2014/10/08,
m000066,みかん,cosclt011,10.2.21.67,,,秋桜処理クライアント,,稼働中,Windows7,31-62-33-92-44,基盤部,2018/02/07,
m000067,みかん,skrhub002,10.2.21.68,,,桜ハブ,,稼働中,,55-24-81-33-16,基盤部,2017/03/30,
m000068,ばなな,cosclt012,10.2.21.69,,,秋桜処理クライアント,,稼働中,Windows7,72-32-88-61-26,基盤部,2017/09/04,
m000069,もも,cosclt013,10.2.21.70,,,秋桜処理クライアント,,稼働中,Windows10,59-91-60-84-70,基盤部,2016/09/26,
m000070,ばなな,skrclt014,10.2.21.71,,,桜処理クライアント,,稼働中,Windows7,83-74-47-20-19,基盤部,2011/01/03,
m000071,りんご,cosclt014,10.2.21.72,,,秋桜処理クライアント,,稼働中,Windows7,58-29-07-62-68,基盤部,2016/05/13,
m000072,ばなな,hydclt012,10.2.21.73,,,紫陽花処理クライアント,,稼働中,Windows7,84-61-26-05-20,基盤部,2016/09/06,
m000073,ばなな,skrclt015,10.2.21.74,,,桜処理クライアント,,稼働中,Windows7,79-15-78-59-00,基盤部,2016/01/21,
m000074,ばなな,hydclt013,10.2.21.75,,,紫陽花処理クライアント,,稼働中,Windows7,88-96-38-40-06,基盤部,2012/07/15,
m000075,りんご,skrclt016,10.2.21.76,,,桜処理クライアント,,稼働中,Windows7,16-26-75-19-27,基盤部,2012/08/23,
m000076,もも,cosclt015,10.2.21.77,,,秋桜処理クライアント,,稼働中,WindowsXP,42-70-28-34-81,基盤部,2014/01/06,
m000077,りんご,umeclt014,10.2.21.78,,,梅処理クライアント,,稼働中,Windows7,34-09-43-84-33,基盤部,2017/04/22,
m000078,ばなな,hydsic001,10.2.21.79,,,紫陽花スイッチ,,稼働中,,69-31-72-83-86,基盤部,2016/10/25,
m000079,ばなな,umeclt015,10.2.21.80,,,梅処理クライアント,,稼働中,Windows10,33-14-94-29-19,基盤部,2010/06/23,
m000080,りんご,hydsvr005,10.2.21.81,,,紫陽花サーバー,,稼働中,Windows2008R2,88-27-20-84-85,基盤部,2012/05/01,
m000081,もも,cosclt016,10.2.21.82,,,秋桜処理クライアント,,稼働中,Windows7,68-17-72-98-17,基盤部,2011/08/21,
m000082,ばなな,cosfls001,10.2.21.83,,,秋桜FW,,稼働中,,69-22-61-19-54,基盤部,2010/09/27,
m000083,ばなな,skrhub003,10.2.21.84,,,桜ハブ,,稼働中,,83-55-42-87-31,基盤部,2014/03/20,
m000084,ばなな,skrclt017,10.2.21.85,,,桜処理クライアント,,稼働中,WindowsXP,24-65-24-61-10,基盤部,2015/04/04,
m000085,もも,cosclt017,10.2.21.86,,,秋桜処理クライアント,,稼働中,Windows7,88-16-49-62-67,基盤部,2012/10/15,
m000086,ばなな,umesvr004,10.2.21.87,,,梅サーバー,,稼働中,Windows2008,26-82-29-98-45,基盤部,2018/08/24,
m000087,もも,hydclt014,10.2.21.88,,,紫陽花処理クライアント,,稼働中,WindowsXP,20-78-18-94-38,基盤部,2014/02/18,
m000088,ばなな,umeclt016,10.2.21.89,,,梅処理クライアント,,稼働中,Windows10,14-07-09-01-54,基盤部,2012/02/10,
m000089,りんご,umeclt017,10.2.21.90,,,梅処理クライアント,,稼働中,WindowsXP,01-68-47-65-32,基盤部,2017/01/08,
m000090,りんご,skrclt018,10.2.21.91,,,桜処理クライアント,,稼働中,Windows7,75-15-85-74-74,基盤部,2010/11/12,
m000091,ばなな,hydsvr006,10.2.21.92,,,紫陽花サーバー,,稼働中,Windows2012,85-82-24-33-26,基盤部,2016/02/22,
m000092,ばなな,skrclt019,10.2.21.93,,,桜処理クライアント,,稼働中,Windows7,06-62-34-92-38,基盤部,2018/06/07,
m000093,りんご,cosclt018,10.2.21.94,,,秋桜処理クライアント,,稼働中,Windows10,55-50-06-93-16,基盤部,2010/06/15,
m000094,ばなな,hydclt015,10.2.21.95,,,紫陽花処理クライアント,,稼働中,Windows7,34-62-52-06-28,基盤部,2015/09/07,
m000095,りんご,skrsvr002,10.2.21.96,,,桜サーバー,,稼働中,Windows2008R2,65-57-09-94-35,基盤部,2015/08/30,
m000096,りんご,hydclt016,10.2.21.97,,,紫陽花処理クライアント,,稼働中,WindowsXP,40-29-85-12-43,基盤部,2015/04/18,
m000097,ばなな,umesvr005,10.2.21.98,,,梅サーバー,,稼働中,Windows2012R2,20-89-93-58-13,基盤部,2011/05/04,
m000098,もも,umeclt018,10.2.21.99,,,梅処理クライアント,,稼働中,WindowsXP,65-71-19-50-34,基盤部,2016/10/31,
m000099,みかん,cossvr004,10.2.21.100,,,秋桜サーバー,,稼働中,Windows2012,23-62-27-46-23,基盤部,2018/09/10,
m000100,もも,skrclt020,10.2.21.101,,,桜処理クライアント,,稼働中,Windows7,47-57-06-84-17,基盤部,2016/06/22,
m000101,ばなな,skrclt021,10.2.21.102,,,桜処理クライアント,,稼働中,Windows7,31-89-52-00-83,基盤部,2017/04/18,
m000102,りんご,hydclt017,10.2.21.103,,,紫陽花処理クライアント,,稼働中,WindowsXP,72-95-06-84-40,基盤部,2015/03/12,
m000103,りんご,umesic001,10.2.21.104,,,梅スイッチ,,稼働中,,68-28-15-54-91,基盤部,2018/05/25,
m000104,ばなな,hydhub002,10.2.21.105,,,紫陽花ハブ,,稼働中,,32-32-05-81-07,基盤部,2011/05/06,
m000105,もも,hydclt018,10.2.21.106,,,紫陽花処理クライアント,,稼働中,WindowsXP,23-50-76-95-77,基盤部,2012/07/10,
m000106,りんご,hydclt019,10.2.21.107,,,紫陽花処理クライアント,,稼働中,Windows7,40-75-91-95-44,基盤部,2014/02/09,
m000107,みかん,umeclt019,10.2.21.108,,,梅処理クライアント,,稼働中,WindowsXP,99-55-68-46-48,基盤部,2016/05/13,
m000108,りんご,skrclt022,10.2.21.109,,,桜処理クライアント,,稼働中,Windows7,21-95-18-63-63,基盤部,2011/03/04,
m000109,みかん,hydsvr007,10.2.21.110,,,紫陽花サーバー,,稼働中,Windows2012,84-50-77-91-20,基盤部,2016/03/19,
m000110,りんご,hydclt020,10.2.21.111,,,紫陽花処理クライアント,,稼働中,Windows7,16-40-35-11-83,基盤部,2017/10/14,
m000111,みかん,cosclt019,10.2.21.112,,,秋桜処理クライアント,,稼働中,WindowsXP,85-28-56-43-49,基盤部,2014/01/30,
m000112,もも,hydclt021,10.2.21.113,,,紫陽花処理クライアント,,稼働中,Windows7,67-78-53-10-29,基盤部,2015/02/10,
m000113,もも,skrclt023,10.2.21.114,,,桜処理クライアント,,稼働中,WindowsXP,78-31-95-52-20,基盤部,2015/12/06,
m000114,みかん,umesvr006,10.2.21.115,,,梅サーバー,,稼働中,Windows2008,14-29-57-41-01,基盤部,2015/04/10,
m000115,ばなな,skrhub004,10.2.21.116,,,桜ハブ,,稼働中,,52-04-02-28-08,基盤部,2018/04/28,
m000116,ばなな,hydclt022,10.2.21.117,,,紫陽花処理クライアント,,稼働中,Windows10,88-05-72-58-04,基盤部,2014/02/05,
m000117,りんご,skrclt024,10.2.21.118,,,桜処理クライアント,,稼働中,Windows10,33-71-49-42-45,基盤部,2012/05/19,
m000118,みかん,hydclt023,10.2.21.119,,,紫陽花処理クライアント,,稼働中,Windows7,80-50-50-64-95,基盤部,2012/08/27,
m000119,ばなな,hydclt024,10.2.21.120,,,紫陽花処理クライアント,,稼働中,WindowsXP,14-58-14-67-21,基盤部,2015/12/11,
m000120,みかん,cosclt020,10.2.21.121,,,秋桜処理クライアント,,稼働中,Windows7,80-60-05-76-27,基盤部,2015/07/04,
m000121,りんご,cosclt021,10.2.21.122,,,秋桜処理クライアント,,稼働中,Windows7,62-80-09-20-53,基盤部,2014/01/31,
m000122,もも,cosclt022,10.2.21.123,,,秋桜処理クライアント,,稼働中,Windows7,18-14-64-32-03,基盤部,2011/08/18,
m000123,みかん,cosclt023,10.2.21.124,,,秋桜処理クライアント,,稼働中,WindowsXP,97-64-25-28-39,基盤部,2016/05/17,
m000124,りんご,hydhub003,10.2.21.125,,,紫陽花ハブ,,稼働中,,83-25-56-86-38,基盤部,2012/05/09,
m000125,りんご,umesic002,10.2.21.126,,,梅スイッチ,,稼働中,,19-08-12-45-87,基盤部,2010/05/20,
m000126,りんご,hydsvr008,10.2.21.127,,,紫陽花サーバー,,稼働中,Windows2012R2,86-83-28-48-71,基盤部,2015/06/01,
m000127,りんご,skrclt025,10.2.21.128,,,桜処理クライアント,,稼働中,Windows7,13-70-52-90-92,基盤部,2017/01/05,
m000128,りんご,umesvr007,10.2.21.129,,,梅サーバー,,稼働中,Windows2003,29-21-97-42-14,基盤部,2011/02/07,
m000129,もも,hydclt025,10.2.21.130,,,紫陽花処理クライアント,,稼働中,Windows7,80-13-40-69-36,基盤部,2017/02/24,
m000130,みかん,umeclt020,10.2.21.131,,,梅処理クライアント,,稼働中,WindowsXP,93-81-14-94-04,基盤部,2015/03/25,
m000131,ばなな,hydclt026,10.2.21.132,,,紫陽花処理クライアント,,稼働中,Windows7,97-70-65-68-33,基盤部,2015/08/04,
m000132,りんご,skrclt026,10.2.21.133,,,桜処理クライアント,,稼働中,Windows10,87-42-17-65-47,基盤部,2010/06/19,
m000133,りんご,umehub001,10.2.21.134,,,梅ハブ,,稼働中,,60-69-90-58-14,基盤部,2015/11/24,
m000134,みかん,umeclt021,10.2.21.135,,,梅処理クライアント,,稼働中,Windows7,11-36-61-55-54,基盤部,2015/01/02,
m000135,もも,cosclt024,10.2.21.136,,,秋桜処理クライアント,,稼働中,Windows10,73-65-86-03-21,基盤部,2010/01/19,
m000136,ばなな,hydclt027,10.2.21.137,,,紫陽花処理クライアント,,稼働中,Windows7,72-20-86-49-86,基盤部,2015/06/23,
m000137,みかん,hydfls001,10.2.21.138,,,紫陽花FW,,稼働中,,36-82-63-70-82,基盤部,2015/03/09,
m000138,ばなな,umesvr008,10.2.21.139,,,梅サーバー,,稼働中,Windows2012,55-76-86-91-36,基盤部,2011/12/18,
m000139,もも,skrsvr003,10.2.21.140,,,桜サーバー,,稼働中,Windows2003,83-90-60-14-66,基盤部,2013/07/23,
m000140,ばなな,skrhub005,10.2.21.141,,,桜ハブ,,稼働中,,49-91-01-25-32,基盤部,2017/10/11,
m000141,ばなな,hydsvr009,10.2.21.142,,,紫陽花サーバー,,稼働中,Windows2012,86-49-90-84-23,基盤部,2016/02/23,
m000142,りんご,cosclt025,10.2.21.143,,,秋桜処理クライアント,,稼働中,Windows10,32-51-83-09-49,基盤部,2016/12/29,
m000143,ばなな,skrclt027,10.2.21.144,,,桜処理クライアント,,稼働中,Windows7,90-51-86-68-23,基盤部,2018/03/20,
m000144,もも,skrclt028,10.2.21.145,,,桜処理クライアント,,稼働中,Windows10,41-57-34-24-90,基盤部,2010/10/17,
m000145,りんご,hydclt028,10.2.21.146,,,紫陽花処理クライアント,,稼働中,Windows7,18-65-04-01-00,基盤部,2014/09/03,
m000146,りんご,cosclt026,10.2.21.147,,,秋桜処理クライアント,,稼働中,Windows7,64-76-28-91-61,基盤部,2010/01/11,
m000147,みかん,umesvr009,10.2.21.148,,,梅サーバー,,稼働中,Windows2012,14-88-81-16-56,基盤部,2015/01/12,
m000148,みかん,cosclt027,10.2.21.149,,,秋桜処理クライアント,,稼働中,WindowsXP,82-59-61-48-83,基盤部,2017/08/17,
m000149,りんご,umeclt022,10.2.21.150,,,梅処理クライアント,,稼働中,Windows7,44-01-00-53-63,基盤部,2013/11/08,
m000150,りんご,skrclt029,10.2.21.151,,,桜処理クライアント,,稼働中,WindowsXP,86-84-13-20-22,基盤部,2013/07/04,
m000151,りんご,hydclt029,10.2.21.152,,,紫陽花処理クライアント,,稼働中,Windows7,30-07-68-09-26,基盤部,2012/12/25,
m000152,りんご,hydsvr010,10.2.21.153,,,紫陽花サーバー,,稼働中,Windows2012,99-82-65-66-92,基盤部,2011/11/15,
m000153,ばなな,hydclt030,10.2.21.154,,,紫陽花処理クライアント,,稼働中,Windows10,96-31-78-01-46,基盤部,2013/05/02,
m000154,もも,hydclt031,10.2.21.155,,,紫陽花処理クライアント,,稼働中,Windows7,73-86-60-36-72,基盤部,2012/08/13,
m000155,もも,cosclt028,10.2.21.156,,,秋桜処理クライアント,,稼働中,Windows7,04-27-71-37-70,基盤部,2016/01/14,
m000156,もも,hydclt032,10.2.21.157,,,紫陽花処理クライアント,,稼働中,Windows7,57-58-11-40-72,基盤部,2017/10/13,
m000157,もも,hydclt033,10.2.21.158,,,紫陽花処理クライアント,,稼働中,WindowsXP,19-00-30-17-78,基盤部,2010/11/04,
m000158,みかん,skrclt030,10.2.21.159,,,桜処理クライアント,,稼働中,Windows7,40-74-34-07-81,基盤部,2018/10/04,
m000159,みかん,cossvr005,10.2.21.160,,,秋桜サーバー,,稼働中,Windows2012,03-76-11-89-99,基盤部,2010/10/16,
m000160,もも,cosclt029,10.2.21.161,,,秋桜処理クライアント,,稼働中,Windows10,55-74-71-93-66,基盤部,2011/09/28,
m000161,もも,cossvr006,10.2.21.162,,,秋桜サーバー,,稼働中,Windows2008,73-25-07-85-07,基盤部,2014/11/07,
m000162,ばなな,umeclt023,10.2.21.163,,,梅処理クライアント,,稼働中,Windows7,82-36-42-12-80,基盤部,2011/05/31,
m000163,みかん,skrsvr004,10.2.21.164,,,桜サーバー,,稼働中,Windows2003,64-55-00-13-07,基盤部,2015/06/16,
m000164,みかん,umesvr010,10.2.21.165,,,梅サーバー,,稼働中,Windows2008R2,75-33-41-91-59,基盤部,2018/04/09,
m000165,もも,umeclt024,10.2.21.166,,,梅処理クライアント,,稼働中,Windows10,98-83-46-13-87,基盤部,2011/03/30,
m000166,りんご,skrsvr005,10.2.21.167,,,桜サーバー,,稼働中,Windows2008R2,61-73-88-35-95,基盤部,2017/10/07,
m000167,ばなな,hydclt034,10.2.21.168,,,紫陽花処理クライアント,,稼働中,Windows7,16-18-62-14-67,基盤部,2017/04/17,
m000168,ばなな,hydfls002,10.2.21.169,,,紫陽花FW,,稼働中,,32-88-94-49-79,基盤部,2015/05/25,
m000169,ばなな,hydclt035,10.2.21.170,,,紫陽花処理クライアント,,稼働中,WindowsXP,35-24-80-35-64,基盤部,2011/02/12,
m000170,ばなな,cossic001,10.2.21.171,,,秋桜スイッチ,,稼働中,,51-71-79-15-43,基盤部,2010/09/11,
m000171,りんご,skrclt031,10.2.21.172,,,桜処理クライアント,,稼働中,Windows7,00-84-14-13-23,基盤部,2018/02/21,
m000172,みかん,cosclt030,10.2.21.173,,,秋桜処理クライアント,,稼働中,WindowsXP,39-51-34-48-79,基盤部,2016/05/02,
m000173,ばなな,skrclt032,10.2.21.174,,,桜処理クライアント,,稼働中,Windows10,04-30-85-43-36,基盤部,2017/08/11,
m000174,りんご,cosfls002,10.2.21.175,,,秋桜FW,,稼働中,,51-98-22-87-16,基盤部,2016/01/06,
m000175,もも,cossvr007,10.2.21.176,,,秋桜サーバー,,稼働中,Windows2008,16-10-66-88-31,基盤部,2013/05/24,
m000176,みかん,cosfls003,10.2.21.177,,,秋桜FW,,稼働中,,12-94-42-04-99,基盤部,2017/09/20,
m000177,みかん,cossvr008,10.2.21.178,,,秋桜サーバー,,稼働中,Windows2016,91-81-99-19-98,基盤部,2012/07/10,
m000178,もも,umeclt025,10.2.21.179,,,梅処理クライアント,,稼働中,Windows7,14-91-16-75-36,基盤部,2016/04/15,
m000179,ばなな,skrclt033,10.2.21.180,,,桜処理クライアント,,稼働中,Windows7,07-23-39-25-19,基盤部,2012/03/17,
m000180,ばなな,cosclt031,10.2.21.181,,,秋桜処理クライアント,,稼働中,Windows10,77-67-88-55-76,基盤部,2010/04/04,
m000181,りんご,cossvr009,10.2.21.182,,,秋桜サーバー,,稼働中,Windows2016,79-23-50-33-07,基盤部,2017/06/28,
m000182,もも,cosclt032,10.2.21.183,,,秋桜処理クライアント,,稼働中,Windows7,62-15-79-64-17,基盤部,2017/06/23,
m000183,もも,umeclt026,10.2.21.184,,,梅処理クライアント,,稼働中,WindowsXP,95-12-98-76-57,基盤部,2016/09/17,
m000184,もも,umeclt027,10.2.21.185,,,梅処理クライアント,,稼働中,Windows10,15-88-82-25-53,基盤部,2018/08/04,
m000185,もも,skrsvr006,10.2.21.186,,,桜サーバー,,稼働中,Windows2016,04-74-13-65-76,基盤部,2011/08/20,
m000186,りんご,hydsvr011,10.2.21.187,,,紫陽花サーバー,,稼働中,Windows2012,73-34-81-31-46,基盤部,2013/08/22,
m000187,みかん,umehub002,10.2.21.188,,,梅ハブ,,稼働中,,94-07-60-77-79,基盤部,2017/06/09,
m000188,りんご,umeclt028,10.2.21.189,,,梅処理クライアント,,稼働中,Windows10,99-83-58-56-88,基盤部,2013/04/17,
m000189,りんご,umesvr011,10.2.21.190,,,梅サーバー,,稼働中,Windows2008,70-13-20-56-64,基盤部,2016/10/09,
m000190,もも,cossvr010,10.2.21.191,,,秋桜サーバー,,稼働中,Windows2012R2,89-75-09-49-27,基盤部,2015/02/15,
m000191,もも,umeclt029,10.2.21.192,,,梅処理クライアント,,稼働中,Windows7,31-43-42-26-46,基盤部,2011/09/19,
m000192,みかん,skrclt034,10.2.21.193,,,桜処理クライアント,,稼働中,Windows7,59-83-45-68-95,基盤部,2013/02/25,
m000193,もも,umeclt030,10.2.21.194,,,梅処理クライアント,,稼働中,Windows7,06-34-69-21-52,基盤部,2014/04/27,
m000194,りんご,umesvr012,10.2.21.195,,,梅サーバー,,稼働中,Windows2012R2,97-56-24-83-95,基盤部,2018/06/14,
m000195,もも,hydclt036,10.2.21.196,,,紫陽花処理クライアント,,稼働中,Windows10,88-53-54-71-06,基盤部,2011/11/04,
m000196,みかん,skrclt035,10.2.21.197,,,桜処理クライアント,,稼働中,Windows7,67-31-20-90-28,基盤部,2011/03/01,
m000197,もも,umeclt031,10.2.21.198,,,梅処理クライアント,,稼働中,Windows7,37-68-52-24-84,基盤部,2010/06/13,
m000198,みかん,hydsic002,10.2.21.199,,,紫陽花スイッチ,,稼働中,,90-26-46-07-46,基盤部,2014/04/17,
m000199,りんご,umeclt032,10.2.21.200,,,梅処理クライアント,,稼働中,WindowsXP,36-41-57-68-31,基盤部,2014/09/23,
m000200,りんご,hydclt037,10.2.21.201,,,紫陽花処理クライアント,,稼働中,Windows7,49-87-45-51-43,基盤部,2014/06/16,
m000201,みかん,skrclt036,10.2.21.202,,,桜処理クライアント,,稼働中,Windows7,69-93-48-13-61,基盤部,2014/10/06,
m000202,りんご,umeclt033,10.2.1.203,,,梅処理クライアント,,稼働中,Windows7,43-98-74-67-03,基盤部,2013/11/10,
m000203,もも,skrsvr007,10.2.1.204,,,桜サーバー,,稼働中,Windows2012R2,95-72-57-70-00,基盤部,2010/09/12,
m000204,みかん,umeclt034,10.2.1.205,,,梅処理クライアント,,稼働中,WindowsXP,47-95-74-78-35,基盤部,2013/01/12,
m000205,もも,skrclt037,10.2.1.206,,,桜処理クライアント,,稼働中,Windows7,19-75-55-73-83,基盤部,2012/10/21,
m000206,みかん,skrclt038,10.2.1.207,,,桜処理クライアント,,稼働中,Windows7,16-89-19-54-43,基盤部,2015/11/23,
m000207,りんご,skrhub006,10.2.1.208,,,桜ハブ,,稼働中,,43-45-90-85-49,基盤部,2011/07/07,
m000208,もも,skrclt039,10.2.1.209,,,桜処理クライアント,,稼働中,Windows10,72-00-04-72-05,基盤部,2016/09/23,
m000209,もも,cosclt033,10.2.1.210,,,秋桜処理クライアント,,稼働中,Windows10,54-64-05-10-44,基盤部,2013/12/23,
m000210,みかん,hydclt038,10.2.1.211,,,紫陽花処理クライアント,,稼働中,WindowsXP,17-71-50-41-31,基盤部,2013/01/17,
m000211,みかん,hydsvr012,10.2.1.212,,,紫陽花サーバー,,稼働中,Windows2008R2,82-34-91-06-62,基盤部,2013/09/27,
m000212,りんご,hydclt039,10.2.1.213,,,紫陽花処理クライアント,,稼働中,Windows10,74-05-52-25-81,基盤部,2011/02/25,
m000213,ばなな,skrclt040,10.2.1.214,,,桜処理クライアント,,稼働中,Windows10,33-43-35-68-43,基盤部,2013/10/04,
m000214,みかん,umesvr013,10.2.1.215,,,梅サーバー,,稼働中,Windows2012R2,76-28-37-44-53,基盤部,2015/05/27,
m000215,みかん,hydsvr013,10.2.1.216,,,紫陽花サーバー,,稼働中,Windows2012,39-82-73-94-45,基盤部,2017/08/17,
m000216,みかん,umeclt035,10.2.1.217,,,梅処理クライアント,,稼働中,Windows7,67-82-92-98-62,基盤部,2012/07/31,
m000217,ばなな,skrclt041,10.2.1.218,,,桜処理クライアント,,稼働中,Windows10,84-75-04-02-35,基盤部,2010/10/09,
m000218,もも,cossvr011,10.2.1.219,,,秋桜サーバー,,稼働中,Windows2012R2,85-54-08-50-55,基盤部,2013/04/23,
m000219,みかん,hydclt040,10.2.1.220,,,紫陽花処理クライアント,,稼働中,Windows7,63-13-19-89-66,基盤部,2010/02/16,
m000220,もも,skrsvr008,10.2.1.221,,,桜サーバー,,稼働中,Windows2012R2,14-95-55-83-44,基盤部,2011/03/17,
m000221,りんご,skrhub007,10.2.1.222,,,桜ハブ,,稼働中,,06-75-96-42-87,基盤部,2017/07/01,
m000222,みかん,umeclt036,10.2.1.223,,,梅処理クライアント,,稼働中,WindowsXP,74-17-14-70-05,基盤部,2014/10/03,
m000223,りんご,cosfls004,10.2.1.224,,,秋桜FW,,稼働中,,19-39-85-66-59,基盤部,2011/10/14,
m000224,もも,cosclt034,10.2.1.225,,,秋桜処理クライアント,,稼働中,Windows7,06-29-31-89-71,基盤部,2012/01/05,
m000225,りんご,cosclt035,10.2.1.226,,,秋桜処理クライアント,,稼働中,WindowsXP,96-11-82-69-61,基盤部,2018/03/11,
m000226,りんご,cossvr012,10.2.1.227,,,秋桜サーバー,,稼働中,Windows2012R2,38-58-31-43-23,基盤部,2018/01/31,
m000227,ばなな,skrclt042,10.2.1.228,,,桜処理クライアント,,稼働中,Windows7,01-09-10-65-90,基盤部,2013/07/04,
m000228,ばなな,umeclt037,10.2.1.229,,,梅処理クライアント,,稼働中,Windows7,57-40-23-19-22,基盤部,2012/05/07,
m000229,りんご,skrsvr009,10.2.1.230,,,桜サーバー,,稼働中,Windows2008R2,24-54-35-85-31,基盤部,2012/10/01,
m000230,みかん,umeclt038,10.2.1.231,,,梅処理クライアント,,稼働中,Windows7,03-74-00-33-37,基盤部,2017/11/17,
m000231,ばなな,skrclt043,10.2.1.232,,,桜処理クライアント,,稼働中,Windows7,20-29-04-66-21,基盤部,2014/05/04,
m000232,りんご,cossvr013,10.2.1.233,,,秋桜サーバー,,稼働中,Windows2016,13-97-12-14-61,基盤部,2011/04/22,
m000233,みかん,cosclt036,10.2.1.234,,,秋桜処理クライアント,,稼働中,Windows7,57-94-88-19-18,基盤部,2013/10/07,
m000234,りんご,hydclt041,10.2.1.235,,,紫陽花処理クライアント,,稼働中,Windows10,54-99-86-94-22,基盤部,2011/04/15,
m000235,もも,hydclt042,10.2.1.236,,,紫陽花処理クライアント,,稼働中,Windows7,42-34-10-24-95,基盤部,2012/08/26,
m000236,りんご,skrsvr010,10.2.1.237,,,桜サーバー,,稼働中,Windows2016,01-29-10-00-84,基盤部,2011/07/21,
m000237,みかん,cosclt037,10.2.1.238,,,秋桜処理クライアント,,稼働中,Windows7,49-69-06-96-55,基盤部,2012/01/02,
m000238,りんご,hydclt043,10.2.1.239,,,紫陽花処理クライアント,,稼働中,Windows7,12-23-49-97-08,基盤部,2015/12/10,
m000239,みかん,hydclt044,10.2.1.240,,,紫陽花処理クライアント,,稼働中,Windows10,60-62-15-40-88,基盤部,2017/07/21,
m000240,りんご,umeclt039,10.2.1.241,,,梅処理クライアント,,稼働中,Windows7,95-57-45-76-99,基盤部,2013/06/23,
m000241,もも,hydhub004,10.2.1.242,,,紫陽花ハブ,,稼働中,,96-41-33-70-18,基盤部,2011/03/05,
m000242,みかん,skrsvr011,10.2.1.243,,,桜サーバー,,稼働中,Windows2016,68-70-98-08-38,基盤部,2018/09/24,
m000243,ばなな,cossvr014,10.2.1.244,,,秋桜サーバー,,稼働中,Windows2016,44-98-20-15-05,基盤部,2011/06/21,
m000244,もも,skrclt044,10.2.1.245,,,桜処理クライアント,,稼働中,Windows7,06-18-76-71-80,基盤部,2015/09/24,
m000245,みかん,skrclt045,10.2.1.246,,,桜処理クライアント,,稼働中,Windows7,43-65-09-51-18,基盤部,2012/03/03,
m000246,みかん,umeclt040,10.2.1.247,,,梅処理クライアント,,稼働中,Windows7,40-78-82-01-61,基盤部,2018/04/25,
m000247,みかん,hydclt045,10.2.1.248,,,紫陽花処理クライアント,,稼働中,Windows7,15-73-88-85-01,基盤部,2017/11/21,
m000248,もも,skrclt046,10.2.1.249,,,桜処理クライアント,,稼働中,Windows7,52-11-35-32-44,基盤部,2011/04/12,
m000249,みかん,cosclt038,10.2.1.250,,,秋桜処理クライアント,,稼働中,Windows7,61-48-06-91-06,基盤部,2010/04/26,
m000250,りんご,hydsvr014,10.2.1.251,,,紫陽花サーバー,,稼働中,Windows2012,35-73-08-76-43,基盤部,2010/01/27,
m000251,ばなな,hydclt046,10.2.1.252,,,紫陽花処理クライアント,,稼働中,Windows7,81-58-82-86-33,基盤部,2016/04/05,
m000252,ばなな,umeclt041,10.2.1.253,,,梅処理クライアント,,稼働中,Windows7,41-43-76-97-60,基盤部,2011/09/03,
m000253,みかん,cosclt039,10.2.1.254,,,秋桜処理クライアント,,稼働中,Windows7,67-89-67-44-13,基盤部,2018/03/16,
m000254,ばなな,cosclt040,10.2.1.255,,,秋桜処理クライアント,,稼働中,Windows7,20-13-67-81-11,基盤部,2018/01/08,
m000255,みかん,umesvr014,10.2.1.256,,,梅サーバー,,稼働中,Windows2012R2,39-61-42-30-66,基盤部,2010/07/22,
m000256,みかん,cosclt041,10.2.1.257,,,秋桜処理クライアント,,稼働中,Windows7,28-38-80-75-15,基盤部,2017/11/27,
m000257,みかん,umesvr015,10.2.1.258,,,梅サーバー,,稼働中,Windows2008R2,50-95-54-17-59,基盤部,2014/08/11,
m000258,もも,skrclt047,10.2.1.259,,,桜処理クライアント,,稼働中,Windows7,77-80-95-98-07,基盤部,2014/08/16,
m000259,ばなな,cosclt042,10.2.1.260,,,秋桜処理クライアント,,稼働中,Windows10,34-02-29-15-17,基盤部,2015/10/28,
m000260,りんご,umeclt042,10.2.1.261,,,梅処理クライアント,,稼働中,Windows10,33-84-03-34-99,基盤部,2018/10/16,
m000261,ばなな,umehub003,10.2.1.262,,,梅ハブ,,稼働中,,68-86-80-20-54,基盤部,2013/07/19,
m000262,ばなな,hydclt047,10.2.1.263,,,紫陽花処理クライアント,,稼働中,Windows7,98-42-87-74-04,基盤部,2011/09/14,
m000263,みかん,hydclt048,10.2.1.264,,,紫陽花処理クライアント,,稼働中,WindowsXP,47-66-16-98-58,基盤部,2014/02/24,
m000264,ばなな,hydsvr015,10.2.1.265,,,紫陽花サーバー,,稼働中,Windows2008R2,82-07-68-52-50,基盤部,2016/08/26,
m000265,ばなな,skrclt048,10.2.1.266,,,桜処理クライアント,,稼働中,Windows7,68-24-91-52-73,基盤部,2011/07/07,
m000266,りんご,skrclt049,10.2.1.267,,,桜処理クライアント,,稼働中,Windows7,79-68-90-90-89,基盤部,2018/09/18,
m000267,ばなな,umeclt043,10.2.1.268,,,梅処理クライアント,,稼働中,Windows10,84-69-01-46-68,基盤部,2018/02/05,
m000268,りんご,hydfls003,10.2.1.269,,,紫陽花FW,,稼働中,,29-31-31-52-95,基盤部,2012/06/24,
m000269,もも,umesvr016,10.2.1.270,,,梅サーバー,,稼働中,Windows2003,43-76-74-93-29,基盤部,2017/07/18,
m000270,もも,cossvr015,10.2.1.271,,,秋桜サーバー,,稼働中,Windows2016,89-65-95-85-02,基盤部,2013/01/21,
m000271,みかん,skrclt050,10.2.1.272,,,桜処理クライアント,,稼働中,Windows7,15-06-06-62-30,基盤部,2011/06/29,
m000272,みかん,skrclt051,10.2.1.273,,,桜処理クライアント,,稼働中,WindowsXP,94-08-23-18-12,基盤部,2017/07/15,
m000273,ばなな,cossvr016,10.2.1.274,,,秋桜サーバー,,稼働中,Windows2012R2,86-09-34-04-20,基盤部,2017/10/14,
m000274,りんご,skrclt052,10.2.1.275,,,桜処理クライアント,,稼働中,Windows7,84-32-64-96-38,基盤部,2010/04/25,
m000275,もも,umesvr017,10.2.1.276,,,梅サーバー,,稼働中,Windows2003,54-90-84-79-35,基盤部,2014/08/03,
m000276,りんご,cosclt043,10.2.1.277,,,秋桜処理クライアント,,稼働中,Windows7,48-98-36-80-13,基盤部,2018/10/22,
m000277,もも,umeclt044,10.2.1.278,,,梅処理クライアント,,稼働中,Windows7,72-40-40-83-48,基盤部,2013/10/11,
m000278,もも,cosclt044,10.2.1.279,,,秋桜処理クライアント,,稼働中,Windows7,76-39-81-40-67,基盤部,2017/10/31,
m000279,みかん,umeclt045,10.2.1.280,,,梅処理クライアント,,稼働中,Windows7,26-88-25-56-65,基盤部,2017/05/25,
m000280,もも,umeclt046,10.2.1.281,,,梅処理クライアント,,稼働中,Windows7,92-86-90-33-55,基盤部,2017/09/08,
m000281,りんご,skrsvr012,10.2.1.282,,,桜サーバー,,稼働中,Windows2012,76-26-02-57-90,基盤部,2015/04/30,
m000282,ばなな,hydsvr016,10.2.1.283,,,紫陽花サーバー,,稼働中,Windows2008,58-34-80-15-19,基盤部,2010/11/09,
m000283,もも,coshub001,10.2.1.284,,,秋桜ハブ,,稼働中,,95-70-43-27-16,基盤部,2018/06/23,
m000284,もも,cosclt045,10.2.1.285,,,秋桜処理クライアント,,稼働中,Windows7,18-22-27-48-49,基盤部,2013/10/07,
m000285,りんご,cosclt046,10.2.1.286,,,秋桜処理クライアント,,稼働中,Windows7,60-34-85-97-76,基盤部,2016/12/19,
m000286,ばなな,umeclt047,10.2.1.287,,,梅処理クライアント,,稼働中,Windows10,49-22-00-31-93,基盤部,2018/07/13,
m000287,ばなな,umeclt048,10.2.1.288,,,梅処理クライアント,,稼働中,Windows7,65-35-83-84-24,基盤部,2018/03/26,
m000288,ばなな,cosclt047,10.2.1.289,,,秋桜処理クライアント,,稼働中,Windows7,97-30-49-64-25,基盤部,2014/01/22,
m000289,もも,umesvr018,10.2.1.290,,,梅サーバー,,稼働中,Windows2003,76-98-82-09-17,基盤部,2013/09/13,
m000290,みかん,cossvr017,10.2.1.291,,,秋桜サーバー,,稼働中,Windows2003,96-93-61-12-00,基盤部,2010/11/13,
m000291,ばなな,cossic002,10.2.1.292,,,秋桜スイッチ,,稼働中,,40-95-49-99-19,基盤部,2016/01/12,
m000292,もも,cossvr018,10.2.1.293,,,秋桜サーバー,,稼働中,Windows2012,10-04-75-13-63,基盤部,2018/08/16,
m000293,りんご,hydsvr017,10.2.1.294,,,紫陽花サーバー,,稼働中,Windows2008,95-43-44-20-58,基盤部,2013/07/05,
m000294,みかん,hydsvr018,10.2.1.295,,,紫陽花サーバー,,稼働中,Windows2012R2,54-88-31-45-61,基盤部,2012/11/29,
m000295,みかん,umesvr019,10.2.1.296,,,梅サーバー,,稼働中,Windows2003,26-70-01-70-97,基盤部,2015/08/19,
m000296,りんご,umesvr020,10.2.1.297,,,梅サーバー,,稼働中,Windows2016,77-51-07-28-48,基盤部,2013/02/17,
m000297,みかん,cosclt048,10.2.1.298,,,秋桜処理クライアント,,稼働中,Windows7,47-04-37-22-34,基盤部,2012/09/17,
m000298,みかん,hydsvr019,10.2.1.299,,,紫陽花サーバー,,稼働中,Windows2012R2,72-68-41-95-71,基盤部,2017/03/05,
m000299,みかん,umesvr021,10.2.1.300,,,梅サーバー,,稼働中,Windows2008R2,20-12-77-48-34,基盤部,2014/09/17,
m000300,ばなな,umeclt049,10.2.1.301,,,梅処理クライアント,,稼働中,Windows7,01-38-85-27-94,基盤部,2013/05/14,
m000301,みかん,hydclt049,10.2.1.302,,,紫陽花処理クライアント,,稼働中,Windows10,07-35-95-01-07,基盤部,2016/02/01,
m000302,もも,cosclt049,10.2.1.303,,,秋桜処理クライアント,,稼働中,Windows7,16-01-50-62-54,基盤部,2017/10/24,
m000303,りんご,cossvr019,10.2.1.304,,,秋桜サーバー,,稼働中,Windows2012,74-29-27-86-33,基盤部,2016/04/11,
m000304,もも,hydsic003,10.2.1.305,,,紫陽花スイッチ,,稼働中,,20-52-43-01-84,基盤部,2017/11/02,
m000305,もも,cossvr020,10.2.1.306,,,秋桜サーバー,,稼働中,Windows2003,05-13-45-15-77,基盤部,2015/02/15,
m000306,ばなな,umeclt050,10.2.1.307,,,梅処理クライアント,,稼働中,WindowsXP,40-80-57-79-51,基盤部,2013/08/26,
m000307,りんご,hydsic004,10.2.1.308,,,紫陽花スイッチ,,稼働中,,35-37-31-09-35,基盤部,2016/01/13,
m000308,りんご,umesvr022,10.2.1.309,,,梅サーバー,,稼働中,Windows2003,38-83-17-38-56,基盤部,2018/10/24,
m000309,りんご,hydclt050,10.2.1.310,,,紫陽花処理クライアント,,稼働中,Windows10,83-17-71-52-23,基盤部,2015/07/24,
m000310,もも,hydclt051,10.2.1.311,,,紫陽花処理クライアント,,稼働中,Windows7,62-16-20-96-79,基盤部,2014/05/18,
m000311,りんご,hydsic005,10.2.1.312,,,紫陽花スイッチ,,稼働中,,42-93-86-25-98,基盤部,2015/01/24,
m000312,もも,umeclt051,10.2.1.313,,,梅処理クライアント,,稼働中,WindowsXP,41-95-36-37-29,基盤部,2011/11/03,
m000313,ばなな,hydclt052,10.2.1.314,,,紫陽花処理クライアント,,稼働中,Windows7,77-81-43-72-52,基盤部,2014/09/14,
m000314,みかん,cosclt050,10.2.1.315,,,秋桜処理クライアント,,稼働中,Windows10,42-73-27-10-30,基盤部,2010/11/24,
m000315,みかん,umesvr023,10.2.1.316,,,梅サーバー,,稼働中,Windows2008,43-19-17-52-18,基盤部,2015/03/20,
m000316,ばなな,skrhub008,10.2.1.317,,,桜ハブ,,稼働中,,90-73-86-18-41,基盤部,2011/02/27,
m000317,みかん,cosclt051,10.2.1.318,,,秋桜処理クライアント,,稼働中,WindowsXP,53-20-83-90-69,基盤部,2016/11/25,
m000318,みかん,skrclt053,10.2.1.319,,,桜処理クライアント,,稼働中,Windows7,54-82-96-95-22,基盤部,2016/02/08,
m000319,りんご,skrsvr013,10.2.1.320,,,桜サーバー,,稼働中,Windows2016,87-77-08-81-42,基盤部,2011/12/18,
m000320,みかん,coshub002,10.2.1.321,,,秋桜ハブ,,稼働中,,68-21-64-90-10,基盤部,2012/06/12,
m000321,もも,cossvr021,10.2.1.322,,,秋桜サーバー,,稼働中,Windows2016,44-79-39-97-43,基盤部,2010/08/10,
m000322,りんご,hydsvr020,10.2.1.323,,,紫陽花サーバー,,稼働中,Windows2012R2,93-55-69-30-87,基盤部,2010/05/23,
m000323,もも,cosclt052,10.2.1.324,,,秋桜処理クライアント,,稼働中,WindowsXP,47-37-40-92-99,基盤部,2018/10/11,
m000324,りんご,umeclt052,10.2.1.325,,,梅処理クライアント,,稼働中,Windows10,34-50-98-53-49,基盤部,2012/06/12,
m000325,ばなな,umesvr024,10.2.1.326,,,梅サーバー,,稼働中,Windows2012,00-14-24-39-90,基盤部,2018/07/24,
m000326,ばなな,skrclt054,10.2.1.327,,,桜処理クライアント,,稼働中,Windows7,46-34-79-58-57,基盤部,2017/05/15,
m000327,みかん,umefls002,10.2.1.328,,,梅FW,,稼働中,,41-76-22-40-27,基盤部,2013/01/07,
m000328,りんご,cosclt053,10.2.1.329,,,秋桜処理クライアント,,稼働中,Windows7,07-56-93-41-06,基盤部,2010/02/26,
m000329,りんご,hydsvr021,10.2.1.330,,,紫陽花サーバー,,稼働中,Windows2012,10-02-04-55-43,基盤部,2016/04/07,
m000330,りんご,skrclt055,10.2.1.331,,,桜処理クライアント,,稼働中,Windows7,94-87-61-95-95,基盤部,2014/01/17,
m000331,りんご,umeclt053,10.2.1.332,,,梅処理クライアント,,稼働中,Windows10,55-72-36-73-53,基盤部,2011/12/31,
m000332,ばなな,cosclt054,10.2.1.333,,,秋桜処理クライアント,,稼働中,Windows7,06-57-24-77-28,基盤部,2015/11/03,
m000333,もも,skrsvr014,10.2.1.334,,,桜サーバー,,稼働中,Windows2016,91-13-74-00-93,基盤部,2015/08/15,
m000334,りんご,cosclt055,10.2.1.335,,,秋桜処理クライアント,,稼働中,Windows7,66-54-75-49-83,基盤部,2016/12/29,
m000335,りんご,hydsic006,10.2.1.336,,,紫陽花スイッチ,,稼働中,,96-77-09-01-65,基盤部,2016/09/07,
m000336,もも,hydhub005,10.2.1.337,,,紫陽花ハブ,,稼働中,,45-88-11-31-94,基盤部,2010/01/23,
m000337,りんご,hydclt053,10.2.1.338,,,紫陽花処理クライアント,,稼働中,WindowsXP,01-50-19-15-46,基盤部,2013/03/03,
m000338,りんご,skrclt056,10.2.1.339,,,桜処理クライアント,,稼働中,Windows7,10-32-06-53-41,基盤部,2017/01/10,
m000339,みかん,cosclt056,10.2.1.340,,,秋桜処理クライアント,,稼働中,Windows7,99-53-92-89-02,基盤部,2010/05/02,
m000340,りんご,umefls003,10.2.1.341,,,梅FW,,稼働中,,93-73-75-18-66,基盤部,2017/05/09,
m000341,ばなな,skrsvr015,10.2.1.342,,,桜サーバー,,稼働中,Windows2003,17-55-45-03-45,基盤部,2016/06/27,
m000342,ばなな,hydsvr022,10.2.1.343,,,紫陽花サーバー,,稼働中,Windows2008,51-10-48-86-81,基盤部,2014/12/14,
m000343,りんご,hydclt054,10.2.1.344,,,紫陽花処理クライアント,,稼働中,Windows10,39-06-02-99-46,基盤部,2010/12/04,
m000344,もも,skrclt057,10.2.1.345,,,桜処理クライアント,,稼働中,Windows10,79-18-40-31-24,基盤部,2015/01/23,
m000345,もも,hydclt055,10.2.1.346,,,紫陽花処理クライアント,,稼働中,Windows10,42-72-90-59-34,基盤部,2017/10/25,
m000346,みかん,umesvr025,10.2.1.347,,,梅サーバー,,稼働中,Windows2003,64-78-14-00-91,基盤部,2012/03/25,
m000347,ばなな,skrclt058,10.2.1.348,,,桜処理クライアント,,稼働中,WindowsXP,36-52-39-09-26,基盤部,2010/05/04,
m000348,ばなな,umesvr026,10.2.1.349,,,梅サーバー,,稼働中,Windows2012R2,11-05-92-16-97,基盤部,2017/11/24,
m000349,みかん,umesvr027,10.2.1.350,,,梅サーバー,,稼働中,Windows2012R2,94-79-05-96-96,基盤部,2011/09/07,
m000350,ばなな,hydclt056,10.2.1.351,,,紫陽花処理クライアント,,稼働中,WindowsXP,94-88-07-67-10,基盤部,2012/08/07,
m000351,もも,cosclt057,10.2.1.352,,,秋桜処理クライアント,,稼働中,Windows7,22-44-93-57-83,基盤部,2010/03/13,
m000352,ばなな,cosclt058,10.2.1.353,,,秋桜処理クライアント,,稼働中,Windows7,26-28-43-50-76,基盤部,2014/12/02,
m000353,りんご,umeclt054,10.2.1.354,,,梅処理クライアント,,稼働中,Windows7,62-29-08-13-04,基盤部,2018/03/08,
m000354,ばなな,cosclt059,10.2.1.355,,,秋桜処理クライアント,,稼働中,Windows7,16-46-92-33-76,基盤部,2011/01/01,
m000355,みかん,skrclt059,10.2.1.356,,,桜処理クライアント,,稼働中,WindowsXP,57-30-47-85-46,基盤部,2013/02/08,
m000356,りんご,skrclt060,10.2.1.357,,,桜処理クライアント,,稼働中,Windows10,34-83-52-95-65,基盤部,2010/03/11,
m000357,ばなな,cosclt060,10.2.1.358,,,秋桜処理クライアント,,稼働中,Windows7,62-85-67-28-45,基盤部,2015/01/31,
m000358,りんご,skrclt061,10.2.1.359,,,桜処理クライアント,,稼働中,Windows7,73-95-65-16-23,基盤部,2010/02/09,
m000359,みかん,cossic003,10.2.1.360,,,秋桜スイッチ,,稼働中,,22-70-01-12-96,基盤部,2014/11/25,
m000360,みかん,hydclt057,10.2.1.361,,,紫陽花処理クライアント,,稼働中,Windows7,75-17-79-95-24,基盤部,2012/08/17,
m000361,もも,hydclt058,10.2.1.362,,,紫陽花処理クライアント,,稼働中,Windows7,74-62-03-67-12,基盤部,2015/04/17,
m000362,もも,hydsvr023,10.2.1.363,,,紫陽花サーバー,,稼働中,Windows2016,90-79-10-42-57,基盤部,2018/03/25,
m000363,もも,umesvr028,10.2.1.364,,,梅サーバー,,稼働中,Windows2012,93-65-95-12-25,基盤部,2010/03/27,
m000364,もも,coshub003,10.2.1.365,,,秋桜ハブ,,稼働中,,88-79-39-31-52,基盤部,2017/07/12,
m000365,ばなな,umeclt055,10.2.1.366,,,梅処理クライアント,,稼働中,Windows7,27-81-61-78-35,基盤部,2010/08/05,
m000366,ばなな,cosclt061,10.2.1.367,,,秋桜処理クライアント,,稼働中,Windows7,98-63-95-02-69,基盤部,2011/03/19,
m000367,りんご,cosclt062,10.2.1.368,,,秋桜処理クライアント,,稼働中,Windows7,96-22-56-45-54,基盤部,2013/03/13,
m000368,ばなな,cosclt063,10.2.1.369,,,秋桜処理クライアント,,稼働中,Windows7,11-17-46-49-21,基盤部,2018/10/06,
m000369,りんご,skrsvr016,10.2.1.370,,,桜サーバー,,稼働中,Windows2012R2,21-36-83-46-99,基盤部,2011/01/04,
m000370,ばなな,skrfls002,10.2.1.371,,,桜FW,,稼働中,,26-58-46-08-19,基盤部,2017/03/02,
m000371,りんご,skrclt062,10.2.1.372,,,桜処理クライアント,,稼働中,Windows10,44-38-57-27-39,基盤部,2011/07/31,
m000372,もも,hydfls004,10.2.1.373,,,紫陽花FW,,稼働中,,79-67-80-80-70,基盤部,2018/02/08,
m000373,りんご,hydhub006,10.2.1.374,,,紫陽花ハブ,,稼働中,,26-90-10-87-44,基盤部,2015/09/03,
m000374,もも,umeclt056,10.2.1.375,,,梅処理クライアント,,稼働中,Windows7,36-13-90-87-56,基盤部,2014/07/28,
m000375,ばなな,skrclt063,10.2.1.376,,,桜処理クライアント,,稼働中,WindowsXP,46-66-60-18-78,基盤部,2015/10/31,
m000376,みかん,cosclt064,10.2.1.377,,,秋桜処理クライアント,,稼働中,Windows7,81-34-89-44-58,基盤部,2018/10/14,
m000377,ばなな,cossic004,10.2.1.378,,,秋桜スイッチ,,稼働中,,69-05-21-12-33,基盤部,2017/09/04,
m000378,もも,skrsvr017,10.2.1.379,,,桜サーバー,,稼働中,Windows2003,63-18-01-55-68,基盤部,2018/10/07,
m000379,もも,cosclt065,10.2.1.380,,,秋桜処理クライアント,,稼働中,Windows7,62-10-53-83-04,基盤部,2018/10/24,
m000380,りんご,hydsvr024,10.2.1.381,,,紫陽花サーバー,,稼働中,Windows2008R2,99-94-96-49-13,基盤部,2011/01/24,
m000381,みかん,hydclt059,10.2.1.382,,,紫陽花処理クライアント,,稼働中,WindowsXP,44-23-50-85-81,基盤部,2018/07/29,
m000382,りんご,skrfls003,10.2.1.383,,,桜FW,,稼働中,,21-32-04-84-56,基盤部,2018/09/01,
m000383,みかん,skrsvr018,10.2.1.384,,,桜サーバー,,稼働中,Windows2008R2,08-14-60-41-92,基盤部,2014/01/23,
m000384,ばなな,skrhub009,10.2.1.385,,,桜ハブ,,稼働中,,95-83-04-18-86,基盤部,2010/03/12,
m000385,もも,skrsvr019,10.2.1.386,,,桜サーバー,,稼働中,Windows2008,00-79-76-47-69,基盤部,2015/12/25,
m000386,ばなな,hydclt060,10.2.1.387,,,紫陽花処理クライアント,,稼働中,Windows7,68-28-14-84-47,基盤部,2016/09/10,
m000387,ばなな,skrclt064,10.2.1.388,,,桜処理クライアント,,稼働中,Windows10,72-28-31-06-06,基盤部,2016/11/01,
m000388,みかん,skrclt065,10.2.1.389,,,桜処理クライアント,,稼働中,Windows7,08-09-84-53-63,基盤部,2013/10/21,
m000389,ばなな,cossvr022,10.2.1.390,,,秋桜サーバー,,稼働中,Windows2003,99-96-12-85-05,基盤部,2015/04/29,
m000390,みかん,umesvr029,10.2.1.391,,,梅サーバー,,稼働中,Windows2008R2,15-42-87-08-13,基盤部,2012/07/11,
m000391,ばなな,skrclt066,10.2.1.392,,,桜処理クライアント,,稼働中,Windows7,15-30-97-52-26,基盤部,2014/11/21,
m000392,ばなな,umefls004,10.2.1.393,,,梅FW,,稼働中,,70-60-66-44-10,基盤部,2016/04/02,
m000393,りんご,skrclt067,10.2.1.394,,,桜処理クライアント,,稼働中,Windows7,97-25-33-42-84,基盤部,2012/08/02,
m000394,みかん,cosfls005,10.2.1.395,,,秋桜FW,,稼働中,,70-57-90-81-81,基盤部,2014/03/30,
m000395,みかん,hydsvr025,10.2.1.396,,,紫陽花サーバー,,稼働中,Windows2003,83-24-16-63-84,基盤部,2018/08/04,
m000396,りんご,hydclt061,10.2.1.397,,,紫陽花処理クライアント,,稼働中,Windows7,55-64-08-74-17,基盤部,2012/08/10,
m000397,りんご,umeclt057,10.2.1.398,,,梅処理クライアント,,稼働中,WindowsXP,27-99-56-98-53,基盤部,2012/03/23,
m000398,もも,umesvr030,10.2.1.399,,,梅サーバー,,稼働中,Windows2016,94-36-87-16-76,基盤部,2013/03/30,
m000399,もも,coshub004,10.2.1.400,,,秋桜ハブ,,稼働中,,92-54-49-34-50,基盤部,2018/05/04,
m000400,ばなな,umeclt058,10.2.1.401,,,梅処理クライアント,,稼働中,Windows10,72-45-00-74-30,基盤部,2014/04/21,
m000401,ばなな,cosclt066,10.2.1.402,,,秋桜処理クライアント,,稼働中,Windows7,43-45-98-97-88,基盤部,2010/09/15,
m000402,りんご,hydclt062,10.2.32.403,,,紫陽花処理クライアント,,稼働中,Windows7,74-23-66-24-31,基盤部,2013/07/22,
m000403,みかん,umesvr031,10.2.32.404,,,梅サーバー,,稼働中,Windows2003,88-41-71-58-53,基盤部,2017/11/30,
m000404,みかん,cossic005,10.2.32.405,,,秋桜スイッチ,,稼働中,,60-18-46-85-96,基盤部,2017/11/22,
m000405,りんご,cosclt067,10.2.32.406,,,秋桜処理クライアント,,稼働中,Windows7,33-29-30-46-95,基盤部,2017/03/11,
m000406,みかん,hydsvr026,10.2.32.407,,,紫陽花サーバー,,稼働中,Windows2008,05-06-82-95-62,基盤部,2012/01/07,
m000407,みかん,cosclt068,10.2.32.408,,,秋桜処理クライアント,,稼働中,Windows7,15-27-33-41-64,基盤部,2017/04/20,
m000408,みかん,cosclt069,10.2.32.409,,,秋桜処理クライアント,,稼働中,Windows10,53-00-16-31-74,基盤部,2017/12/12,
m000409,みかん,skrfls004,10.2.32.410,,,桜FW,,稼働中,,82-00-43-07-31,基盤部,2013/02/27,
m000410,ばなな,cosclt070,10.2.32.411,,,秋桜処理クライアント,,稼働中,Windows7,86-61-66-19-38,基盤部,2015/11/19,
m000411,りんご,hydsvr027,10.2.32.412,,,紫陽花サーバー,,稼働中,Windows2012,27-76-32-25-85,基盤部,2017/08/06,
m000412,みかん,skrsvr020,10.2.32.413,,,桜サーバー,,稼働中,Windows2012R2,02-44-81-77-23,基盤部,2015/01/21,
m000413,ばなな,cosclt071,10.2.32.414,,,秋桜処理クライアント,,稼働中,Windows7,36-76-94-46-58,基盤部,2015/10/06,
m000414,もも,hydclt063,10.2.32.415,,,紫陽花処理クライアント,,稼働中,WindowsXP,98-86-05-07-68,基盤部,2015/12/12,
m000415,もも,skrclt068,10.2.32.416,,,桜処理クライアント,,稼働中,Windows7,49-56-12-92-09,基盤部,2016/09/16,
m000416,もも,umeclt059,10.2.32.417,,,梅処理クライアント,,稼働中,Windows7,33-07-68-84-99,基盤部,2017/01/01,
m000417,ばなな,hydclt064,10.2.32.418,,,紫陽花処理クライアント,,稼働中,Windows10,28-20-93-54-04,基盤部,2010/07/07,
m000418,もも,umesvr032,10.2.32.419,,,梅サーバー,,稼働中,Windows2016,51-08-96-51-99,基盤部,2015/12/08,
m000419,みかん,skrclt069,10.2.32.420,,,桜処理クライアント,,稼働中,WindowsXP,53-30-02-75-09,基盤部,2014/11/11,
m000420,みかん,umefls005,10.2.32.421,,,梅FW,,稼働中,,08-08-52-89-90,基盤部,2018/09/06,
m000421,りんご,cosclt072,10.2.32.422,,,秋桜処理クライアント,,稼働中,Windows7,03-02-64-27-83,基盤部,2012/05/25,
m000422,りんご,cosclt073,10.2.32.423,,,秋桜処理クライアント,,稼働中,WindowsXP,84-34-05-25-36,基盤部,2017/08/12,
m000423,ばなな,hydsic007,10.2.32.424,,,紫陽花スイッチ,,稼働中,,74-85-22-76-08,基盤部,2013/04/02,
m000424,ばなな,cosclt074,10.2.32.425,,,秋桜処理クライアント,,稼働中,Windows10,01-94-37-07-70,基盤部,2010/09/03,
m000425,ばなな,cosclt075,10.2.32.426,,,秋桜処理クライアント,,稼働中,WindowsXP,66-05-99-62-48,基盤部,2011/02/15,
m000426,もも,hydclt065,10.2.32.427,,,紫陽花処理クライアント,,稼働中,WindowsXP,64-64-04-45-55,基盤部,2011/06/15,
m000427,りんご,cosclt076,10.2.32.428,,,秋桜処理クライアント,,稼働中,WindowsXP,80-53-50-15-93,基盤部,2010/12/14,
m000428,みかん,hydclt066,10.2.32.429,,,紫陽花処理クライアント,,稼働中,WindowsXP,70-75-40-35-94,基盤部,2017/02/27,
m000429,ばなな,skrsic004,10.2.32.430,,,桜スイッチ,,稼働中,,48-56-45-80-44,基盤部,2015/03/06,
m000430,ばなな,umehub004,10.2.32.431,,,梅ハブ,,稼働中,,59-67-68-94-38,基盤部,2013/03/02,
m000431,ばなな,hydclt067,10.2.32.432,,,紫陽花処理クライアント,,稼働中,Windows7,88-23-00-40-63,基盤部,2017/09/30,
m000432,ばなな,hydfls005,10.2.32.433,,,紫陽花FW,,稼働中,,59-67-69-97-67,基盤部,2014/06/18,
m000433,もも,cosclt077,10.2.32.434,,,秋桜処理クライアント,,稼働中,Windows10,72-35-64-10-30,基盤部,2016/01/05,
m000434,りんご,cosclt078,10.2.32.435,,,秋桜処理クライアント,,稼働中,Windows7,20-11-99-44-02,基盤部,2010/04/13,
m000435,りんご,skrclt070,10.2.32.436,,,桜処理クライアント,,稼働中,Windows7,40-99-71-18-37,基盤部,2018/08/09,
m000436,ばなな,hydclt068,10.2.32.437,,,紫陽花処理クライアント,,稼働中,Windows7,00-35-50-90-86,基盤部,2016/11/15,
m000437,みかん,skrsvr021,10.2.32.438,,,桜サーバー,,稼働中,Windows2008R2,48-62-35-19-47,基盤部,2018/01/02,
m000438,りんご,umeclt060,10.2.32.439,,,梅処理クライアント,,稼働中,Windows7,19-72-05-63-65,基盤部,2012/03/04,
m000439,みかん,skrsvr022,10.2.32.440,,,桜サーバー,,稼働中,Windows2008R2,18-48-40-22-70,基盤部,2017/10/08,
m000440,みかん,umeclt061,10.2.32.441,,,梅処理クライアント,,稼働中,Windows7,18-82-71-34-08,基盤部,2013/08/02,
m000441,みかん,hydfls006,10.2.32.442,,,紫陽花FW,,稼働中,,71-77-58-66-83,基盤部,2014/09/23,
m000442,みかん,cosclt079,10.2.32.443,,,秋桜処理クライアント,,稼働中,Windows7,43-44-60-03-53,基盤部,2010/06/07,
m000443,りんご,skrclt071,10.2.32.444,,,桜処理クライアント,,稼働中,Windows10,43-26-71-66-52,基盤部,2015/06/02,
m000444,みかん,cosclt080,10.2.32.445,,,秋桜処理クライアント,,稼働中,Windows7,55-80-21-97-73,基盤部,2015/08/02,
m000445,ばなな,cossvr023,10.2.32.446,,,秋桜サーバー,,稼働中,Windows2012R2,97-25-54-94-98,基盤部,2015/03/02,
m000446,みかん,umesvr033,10.2.32.447,,,梅サーバー,,稼働中,Windows2012R2,43-35-67-17-99,基盤部,2011/04/08,
m000447,ばなな,umesvr034,10.2.32.448,,,梅サーバー,,稼働中,Windows2016,03-19-43-30-52,基盤部,2010/05/05,
m000448,みかん,skrclt072,10.2.32.449,,,桜処理クライアント,,稼働中,Windows7,20-15-27-24-48,基盤部,2016/11/24,
m000449,もも,hydclt069,10.2.32.450,,,紫陽花処理クライアント,,稼働中,Windows7,04-22-72-77-82,基盤部,2012/08/01,
m000450,りんご,umeclt062,10.2.32.451,,,梅処理クライアント,,稼働中,Windows7,91-52-98-27-75,基盤部,2015/10/13,
m000451,もも,cossvr024,10.2.32.452,,,秋桜サーバー,,稼働中,Windows2016,84-54-94-20-65,基盤部,2012/05/21,
m000452,みかん,hydhub007,10.2.32.453,,,紫陽花ハブ,,稼働中,,03-44-47-99-85,基盤部,2011/05/03,
m000453,りんご,hydsic008,10.2.32.454,,,紫陽花スイッチ,,稼働中,,60-14-78-00-56,基盤部,2017/05/12,
m000454,りんご,umeclt063,10.2.32.455,,,梅処理クライアント,,稼働中,Windows7,20-59-03-56-73,基盤部,2011/02/07,
m000455,りんご,hydclt070,10.2.32.456,,,紫陽花処理クライアント,,稼働中,Windows10,51-92-36-34-42,基盤部,2015/04/03,
m000456,りんご,hydclt071,10.2.32.457,,,紫陽花処理クライアント,,稼働中,Windows10,39-23-86-39-96,基盤部,2016/08/02,
m000457,ばなな,cosclt081,10.2.32.458,,,秋桜処理クライアント,,稼働中,WindowsXP,96-16-54-37-52,基盤部,2017/09/01,
m000458,ばなな,umesvr035,10.2.32.459,,,梅サーバー,,稼働中,Windows2003,37-93-81-91-94,基盤部,2012/11/28,
m000459,みかん,hydhub008,10.2.32.460,,,紫陽花ハブ,,稼働中,,25-00-47-88-86,基盤部,2018/02/12,
m000460,ばなな,hydsvr028,10.2.32.461,,,紫陽花サーバー,,稼働中,Windows2008,68-91-22-70-85,基盤部,2013/07/28,
m000461,りんご,umesvr036,10.2.32.462,,,梅サーバー,,稼働中,Windows2012R2,73-97-10-53-83,基盤部,2015/12/22,
m000462,ばなな,skrsvr023,10.2.32.463,,,桜サーバー,,稼働中,Windows2012R2,71-76-91-19-37,基盤部,2011/06/12,
m000463,ばなな,cosclt082,10.2.32.464,,,秋桜処理クライアント,,稼働中,Windows7,31-06-32-48-36,基盤部,2012/04/17,
m000464,ばなな,skrclt073,10.2.32.465,,,桜処理クライアント,,稼働中,WindowsXP,58-15-47-36-08,基盤部,2015/03/18,
m000465,りんご,skrclt074,10.2.32.466,,,桜処理クライアント,,稼働中,Windows7,06-38-57-32-27,基盤部,2017/09/08,
m000466,もも,hydsvr029,10.2.32.467,,,紫陽花サーバー,,稼働中,Windows2016,35-17-04-14-88,基盤部,2013/03/23,
m000467,みかん,hydsvr030,10.2.32.468,,,紫陽花サーバー,,稼働中,Windows2016,73-89-99-38-98,基盤部,2017/01/31,
m000468,ばなな,skrsvr024,10.2.32.469,,,桜サーバー,,稼働中,Windows2012,72-37-12-27-38,基盤部,2018/03/06,
m000469,りんご,umefls006,10.2.32.470,,,梅FW,,稼働中,,50-75-68-92-02,基盤部,2016/07/11,
m000470,みかん,cosclt083,10.2.32.471,,,秋桜処理クライアント,,稼働中,Windows7,16-91-07-43-82,基盤部,2018/08/07,
m000471,ばなな,umeclt064,10.2.32.472,,,梅処理クライアント,,稼働中,Windows7,82-04-38-06-06,基盤部,2017/05/18,
m000472,みかん,hydfls007,10.2.32.473,,,紫陽花FW,,稼働中,,49-21-19-98-60,基盤部,2017/07/21,
m000473,みかん,skrsvr025,10.2.32.474,,,桜サーバー,,稼働中,Windows2012R2,03-35-45-69-68,基盤部,2013/02/01,
m000474,ばなな,cosclt084,10.2.32.475,,,秋桜処理クライアント,,稼働中,Windows7,83-23-60-23-02,基盤部,2018/03/19,
m000475,みかん,cosclt085,10.2.32.476,,,秋桜処理クライアント,,稼働中,Windows7,16-26-03-20-00,基盤部,2012/06/01,
m000476,りんご,umeclt065,10.2.32.477,,,梅処理クライアント,,稼働中,Windows10,99-99-92-18-67,基盤部,2013/08/23,
m000477,もも,umesvr037,10.2.32.478,,,梅サーバー,,稼働中,Windows2003,32-02-25-75-61,基盤部,2017/10/30,
m000478,ばなな,skrclt075,10.2.32.479,,,桜処理クライアント,,稼働中,Windows7,83-74-91-95-47,基盤部,2010/07/24,
m000479,みかん,hydsvr031,10.2.32.480,,,紫陽花サーバー,,稼働中,Windows2012,89-39-19-38-47,基盤部,2018/07/25,
m000480,りんご,hydclt072,10.2.32.481,,,紫陽花処理クライアント,,稼働中,Windows10,78-71-35-02-86,基盤部,2012/04/23,
m000481,ばなな,skrsvr026,10.2.32.482,,,桜サーバー,,稼働中,Windows2016,78-36-47-81-89,基盤部,2015/04/22,
m000482,りんご,cosclt086,10.2.32.483,,,秋桜処理クライアント,,稼働中,Windows7,76-68-49-82-94,基盤部,2016/08/30,
m000483,りんご,cosclt087,10.2.32.484,,,秋桜処理クライアント,,稼働中,Windows7,58-66-81-22-11,基盤部,2010/04/04,
m000484,みかん,cosclt088,10.2.32.485,,,秋桜処理クライアント,,稼働中,Windows7,78-44-88-81-87,基盤部,2010/09/23,
m000485,りんご,cosclt089,10.2.32.486,,,秋桜処理クライアント,,稼働中,Windows7,39-07-96-38-91,基盤部,2010/02/04,
m000486,りんご,hydclt073,10.2.32.487,,,紫陽花処理クライアント,,稼働中,Windows7,89-65-34-86-83,基盤部,2011/01/11,
m000487,みかん,skrclt076,10.2.32.488,,,桜処理クライアント,,稼働中,Windows7,36-78-34-18-16,基盤部,2011/03/22,
m000488,ばなな,skrsvr027,10.2.32.489,,,桜サーバー,,稼働中,Windows2008,43-04-02-48-42,基盤部,2017/09/02,
m000489,ばなな,hydclt074,10.2.32.490,,,紫陽花処理クライアント,,稼働中,Windows7,71-61-84-45-20,基盤部,2012/10/18,
m000490,りんご,skrfls005,10.2.32.491,,,桜FW,,稼働中,,37-61-63-14-29,基盤部,2012/11/09,
m000491,りんご,skrclt077,10.2.32.492,,,桜処理クライアント,,稼働中,Windows7,10-64-81-22-32,基盤部,2018/05/13,
m000492,もも,hydclt075,10.2.32.493,,,紫陽花処理クライアント,,稼働中,Windows7,81-78-73-79-68,基盤部,2013/06/04,
m000493,りんご,cossvr025,10.2.32.494,,,秋桜サーバー,,稼働中,Windows2012R2,72-73-21-07-98,基盤部,2017/11/22,
m000494,りんご,cosclt090,10.2.32.495,,,秋桜処理クライアント,,稼働中,WindowsXP,24-30-21-90-76,基盤部,2011/06/02,
m000495,りんご,cossvr026,10.2.32.496,,,秋桜サーバー,,稼働中,Windows2012,46-73-94-53-11,基盤部,2015/05/23,
m000496,みかん,cossvr027,10.2.32.497,,,秋桜サーバー,,稼働中,Windows2012R2,08-35-20-81-13,基盤部,2016/06/12,
m000497,ばなな,skrclt078,10.2.32.498,,,桜処理クライアント,,稼働中,Windows10,88-31-48-27-03,基盤部,2012/03/20,
m000498,もも,umesvr038,10.2.32.499,,,梅サーバー,,稼働中,Windows2003,14-27-20-84-53,基盤部,2013/04/14,
m000499,ばなな,umeclt066,10.2.32.500,,,梅処理クライアント,,稼働中,Windows7,72-93-90-45-32,基盤部,2018/08/25,
m000500,みかん,skrsvr028,10.2.32.501,,,桜サーバー,,稼働中,Windows2012,23-09-52-40-04,基盤部,2013/12/28,
m000501,りんご,umeclt067,10.2.32.502,,,梅処理クライアント,,稼働中,Windows10,83-59-49-31-62,基盤部,2018/07/07,
m000502,ばなな,skrsvr029,10.2.32.503,,,桜サーバー,,稼働中,Windows2008,56-17-75-58-31,基盤部,2010/10/22,
m000503,みかん,umeclt068,10.2.32.504,,,梅処理クライアント,,稼働中,Windows7,34-06-29-25-62,基盤部,2017/05/07,
m000504,りんご,cossvr028,10.2.32.505,,,秋桜サーバー,,稼働中,Windows2008R2,58-81-95-25-84,基盤部,2011/04/14,
m000505,みかん,cosclt091,10.2.32.506,,,秋桜処理クライアント,,稼働中,WindowsXP,53-40-23-99-04,基盤部,2018/05/26,
m000506,みかん,umeclt069,10.2.32.507,,,梅処理クライアント,,稼働中,Windows10,49-16-52-18-16,基盤部,2010/01/13,
m000507,もも,cosclt092,10.2.32.508,,,秋桜処理クライアント,,稼働中,WindowsXP,20-09-58-75-29,基盤部,2010/01/27,
m000508,りんご,skrclt079,10.2.32.509,,,桜処理クライアント,,稼働中,Windows10,96-73-65-93-74,基盤部,2016/04/18,
m000509,ばなな,cossvr029,10.2.32.510,,,秋桜サーバー,,稼働中,Windows2012,24-03-15-44-13,基盤部,2012/05/29,
m000510,もも,cossvr030,10.2.32.511,,,秋桜サーバー,,稼働中,Windows2012,78-88-80-85-34,基盤部,2018/08/22,
m000511,ばなな,hydclt076,10.2.32.512,,,紫陽花処理クライアント,,稼働中,Windows7,62-50-50-24-83,基盤部,2010/05/29,
m000512,りんご,hydclt077,10.2.32.513,,,紫陽花処理クライアント,,稼働中,WindowsXP,02-77-72-27-56,基盤部,2013/07/14,
m000513,りんご,skrclt080,10.2.32.514,,,桜処理クライアント,,稼働中,Windows7,85-64-71-04-10,基盤部,2012/03/27,
m000514,ばなな,cossvr031,10.2.32.515,,,秋桜サーバー,,稼働中,Windows2016,63-86-79-77-67,基盤部,2012/02/07,
m000515,もも,hydclt078,10.2.32.516,,,紫陽花処理クライアント,,稼働中,WindowsXP,60-05-81-24-10,基盤部,2011/10/28,
m000516,ばなな,skrclt081,10.2.32.517,,,桜処理クライアント,,稼働中,Windows10,30-16-80-45-01,基盤部,2018/08/06,
m000517,みかん,hydsvr032,10.2.32.518,,,紫陽花サーバー,,稼働中,Windows2012,60-44-44-14-53,基盤部,2010/06/10,
m000518,ばなな,hydhub009,10.2.32.519,,,紫陽花ハブ,,稼働中,,23-41-06-22-79,基盤部,2013/02/20,
m000519,みかん,cosfls006,10.2.32.520,,,秋桜FW,,稼働中,,82-49-54-98-72,基盤部,2010/08/26,
m000520,もも,cosclt093,10.2.32.521,,,秋桜処理クライアント,,稼働中,WindowsXP,92-52-22-90-94,基盤部,2012/12/06,
m000521,ばなな,umeclt070,10.2.32.522,,,梅処理クライアント,,稼働中,Windows7,97-07-63-00-22,基盤部,2018/06/11,
m000522,ばなな,hydclt079,10.2.32.523,,,紫陽花処理クライアント,,稼働中,Windows10,24-07-20-66-89,基盤部,2018/03/31,
m000523,みかん,umeclt071,10.2.32.524,,,梅処理クライアント,,稼働中,Windows10,29-29-49-03-28,基盤部,2010/12/19,
m000524,もも,skrclt082,10.2.32.525,,,桜処理クライアント,,稼働中,Windows7,76-34-92-19-52,基盤部,2017/01/27,
m000525,ばなな,skrclt083,10.2.32.526,,,桜処理クライアント,,稼働中,Windows7,14-92-33-83-37,基盤部,2014/07/29,
m000526,りんご,cosclt094,10.2.32.527,,,秋桜処理クライアント,,稼働中,Windows7,92-63-74-28-97,基盤部,2018/03/29,
m000527,みかん,cosclt095,10.2.32.528,,,秋桜処理クライアント,,稼働中,Windows7,93-07-83-75-51,基盤部,2012/02/08,
m000528,りんご,umeclt072,10.2.32.529,,,梅処理クライアント,,稼働中,Windows7,57-51-98-83-18,基盤部,2013/04/21,
m000529,ばなな,umesvr039,10.2.32.530,,,梅サーバー,,稼働中,Windows2012R2,25-79-43-56-08,基盤部,2015/06/10,
m000530,りんご,skrsvr030,10.2.32.531,,,桜サーバー,,稼働中,Windows2016,80-51-30-93-60,基盤部,2016/07/18,
m000531,みかん,skrclt084,10.2.32.532,,,桜処理クライアント,,稼働中,Windows7,13-05-83-95-58,基盤部,2018/08/17,
m000532,りんご,hydclt080,10.2.32.533,,,紫陽花処理クライアント,,稼働中,Windows7,54-42-30-48-65,基盤部,2017/08/26,
m000533,みかん,umeclt073,10.2.32.534,,,梅処理クライアント,,稼働中,Windows7,66-18-51-08-66,基盤部,2016/01/27,
m000534,もも,skrclt085,10.2.32.535,,,桜処理クライアント,,稼働中,Windows10,54-37-41-74-92,基盤部,2015/03/22,
m000535,もも,hydclt081,10.2.32.536,,,紫陽花処理クライアント,,稼働中,Windows7,34-44-52-02-96,基盤部,2015/06/27,
m000536,ばなな,skrclt086,10.2.32.537,,,桜処理クライアント,,稼働中,Windows10,79-91-71-48-08,基盤部,2011/10/20,
m000537,もも,umeclt074,10.2.32.538,,,梅処理クライアント,,稼働中,Windows10,77-34-82-26-07,基盤部,2012/02/24,
m000538,ばなな,hydsic009,10.2.32.539,,,紫陽花スイッチ,,稼働中,,24-71-36-28-44,基盤部,2014/11/22,
m000539,りんご,skrhub010,10.2.32.540,,,桜ハブ,,稼働中,,06-23-30-50-91,基盤部,2010/04/30,
m000540,みかん,umeclt075,10.2.32.541,,,梅処理クライアント,,稼働中,Windows7,86-47-30-70-33,基盤部,2013/01/26,
m000541,みかん,skrhub011,10.2.32.542,,,桜ハブ,,稼働中,,09-97-27-39-82,基盤部,2017/05/21,
m000542,みかん,cossvr032,10.2.32.543,,,秋桜サーバー,,稼働中,Windows2012R2,58-47-86-60-92,基盤部,2011/11/25,
m000543,みかん,umeclt076,10.2.32.544,,,梅処理クライアント,,稼働中,Windows7,76-05-16-89-71,基盤部,2018/10/02,
m000544,りんご,hydsvr033,10.2.32.545,,,紫陽花サーバー,,稼働中,Windows2003,27-42-83-28-93,基盤部,2013/10/04,
m000545,ばなな,hydclt082,10.2.32.546,,,紫陽花処理クライアント,,稼働中,Windows7,67-06-20-38-31,基盤部,2018/03/03,
m000546,もも,umesvr040,10.2.32.547,,,梅サーバー,,稼働中,Windows2008,91-04-55-91-63,基盤部,2014/03/08,
m000547,りんご,cosclt096,10.2.32.548,,,秋桜処理クライアント,,稼働中,Windows7,09-94-54-93-18,基盤部,2012/07/09,
m000548,もも,hydclt083,10.2.32.549,,,紫陽花処理クライアント,,稼働中,Windows7,62-10-50-77-77,基盤部,2013/12/10,
m000549,みかん,hydclt084,10.2.32.550,,,紫陽花処理クライアント,,稼働中,Windows7,44-07-97-94-36,基盤部,2011/01/23,
m000550,みかん,hydsvr034,10.2.32.551,,,紫陽花サーバー,,稼働中,Windows2012,23-10-25-88-67,基盤部,2014/06/07,
m000551,ばなな,skrclt087,10.2.32.552,,,桜処理クライアント,,稼働中,Windows7,61-24-21-44-67,基盤部,2018/08/01,
m000552,みかん,cossvr033,10.2.32.553,,,秋桜サーバー,,稼働中,Windows2008,58-01-76-81-01,基盤部,2017/01/17,
m000553,もも,hydhub010,10.2.32.554,,,紫陽花ハブ,,稼働中,,73-38-74-08-46,基盤部,2010/11/11,
m000554,りんご,umeclt077,10.2.32.555,,,梅処理クライアント,,稼働中,Windows7,54-17-21-08-39,基盤部,2018/03/25,
m000555,りんご,umesvr041,10.2.32.556,,,梅サーバー,,稼働中,Windows2008,21-51-60-75-25,基盤部,2014/07/14,
m000556,もも,umesvr042,10.2.32.557,,,梅サーバー,,稼働中,Windows2012,65-95-93-32-30,基盤部,2013/01/08,
m000557,もも,umeclt078,10.2.32.558,,,梅処理クライアント,,稼働中,Windows7,84-85-42-73-29,基盤部,2017/02/09,
m000558,りんご,umesic003,10.2.32.559,,,梅スイッチ,,稼働中,,10-46-94-39-14,基盤部,2011/01/23,
m000559,みかん,cosclt097,10.2.32.560,,,秋桜処理クライアント,,稼働中,WindowsXP,20-88-81-08-77,基盤部,2018/02/12,
m000560,もも,hydsvr035,10.2.32.561,,,紫陽花サーバー,,稼働中,Windows2012R2,03-27-59-93-40,基盤部,2015/01/20,
m000561,ばなな,umesvr043,10.2.32.562,,,梅サーバー,,稼働中,Windows2003,85-74-45-58-97,基盤部,2010/09/27,
m000562,もも,hydsvr036,10.2.32.563,,,紫陽花サーバー,,稼働中,Windows2003,27-24-88-18-66,基盤部,2015/04/12,
m000563,みかん,skrclt088,10.2.32.564,,,桜処理クライアント,,稼働中,Windows7,10-55-92-10-21,基盤部,2016/08/30,
m000564,ばなな,umeclt079,10.2.32.565,,,梅処理クライアント,,稼働中,WindowsXP,35-82-50-63-00,基盤部,2013/04/24,
m000565,ばなな,cosclt098,10.2.32.566,,,秋桜処理クライアント,,稼働中,Windows10,68-73-84-39-16,基盤部,2014/12/15,
m000566,ばなな,skrsvr031,10.2.32.567,,,桜サーバー,,稼働中,Windows2012R2,80-92-09-34-47,基盤部,2015/06/08,
m000567,もも,skrclt089,10.2.32.568,,,桜処理クライアント,,稼働中,Windows7,35-38-09-28-29,基盤部,2012/11/08,
m000568,みかん,skrclt090,10.2.32.569,,,桜処理クライアント,,稼働中,WindowsXP,97-56-73-47-61,基盤部,2017/02/04,
m000569,もも,hydclt085,10.2.32.570,,,紫陽花処理クライアント,,稼働中,Windows10,74-80-40-97-09,基盤部,2017/08/27,
m000570,もも,hydclt086,10.2.32.571,,,紫陽花処理クライアント,,稼働中,WindowsXP,39-34-00-99-05,基盤部,2014/07/10,
m000571,ばなな,umesvr044,10.2.32.572,,,梅サーバー,,稼働中,Windows2008R2,53-02-67-68-82,基盤部,2017/02/26,
m000572,りんご,umesvr045,10.2.32.573,,,梅サーバー,,稼働中,Windows2008,19-13-71-09-91,基盤部,2013/09/08,
m000573,もも,skrclt091,10.2.32.574,,,桜処理クライアント,,稼働中,Windows10,01-71-98-55-63,基盤部,2018/06/02,
m000574,みかん,skrclt092,10.2.32.575,,,桜処理クライアント,,稼働中,WindowsXP,91-34-11-12-00,基盤部,2016/09/12,
m000575,もも,skrclt093,10.2.32.576,,,桜処理クライアント,,稼働中,WindowsXP,60-81-63-40-76,基盤部,2016/12/16,
m000576,みかん,skrclt094,10.2.32.577,,,桜処理クライアント,,稼働中,Windows10,78-88-33-82-07,基盤部,2015/08/20,
m000577,ばなな,hydsvr037,10.2.32.578,,,紫陽花サーバー,,稼働中,Windows2003,40-08-83-99-87,基盤部,2012/11/19,
m000578,みかん,cossvr034,10.2.32.579,,,秋桜サーバー,,稼働中,Windows2012,50-10-73-88-77,基盤部,2012/08/03,
m000579,ばなな,hydclt087,10.2.32.580,,,紫陽花処理クライアント,,稼働中,Windows7,77-49-74-65-55,基盤部,2011/04/06,
m000580,ばなな,skrclt095,10.2.32.581,,,桜処理クライアント,,稼働中,WindowsXP,67-87-92-86-65,基盤部,2010/12/16,
m000581,ばなな,cosclt099,10.2.32.582,,,秋桜処理クライアント,,稼働中,Windows7,36-77-63-59-98,基盤部,2010/11/07,
m000582,もも,umehub005,10.2.32.583,,,梅ハブ,,稼働中,,13-74-50-43-42,基盤部,2017/06/19,
m000583,ばなな,cossvr035,10.2.32.584,,,秋桜サーバー,,稼働中,Windows2016,28-29-84-58-67,基盤部,2010/12/11,
m000584,りんご,cossvr036,10.2.32.585,,,秋桜サーバー,,稼働中,Windows2012R2,33-24-07-41-89,基盤部,2016/06/13,
m000585,もも,hydclt088,10.2.32.586,,,紫陽花処理クライアント,,稼働中,Windows7,31-84-27-65-76,基盤部,2012/07/29,
m000586,もも,cosclt100,10.2.32.587,,,秋桜処理クライアント,,稼働中,Windows10,04-34-41-46-15,基盤部,2015/06/20,
m000587,もも,skrclt096,10.2.32.588,,,桜処理クライアント,,稼働中,Windows10,02-17-01-97-25,基盤部,2017/08/19,
m000588,りんご,hydclt089,10.2.32.589,,,紫陽花処理クライアント,,稼働中,Windows10,83-55-59-97-72,基盤部,2017/02/20,
m000589,ばなな,cosclt101,10.2.32.590,,,秋桜処理クライアント,,稼働中,Windows7,65-50-52-58-32,基盤部,2012/01/10,
m000590,みかん,skrclt097,10.2.32.591,,,桜処理クライアント,,稼働中,Windows7,02-69-77-86-52,基盤部,2017/12/15,
m000591,もも,hydsvr038,10.2.32.592,,,紫陽花サーバー,,稼働中,Windows2012,38-24-89-98-47,基盤部,2013/12/18,
m000592,みかん,hydclt090,10.2.32.593,,,紫陽花処理クライアント,,稼働中,Windows7,38-98-64-12-74,基盤部,2011/08/17,
m000593,ばなな,skrclt098,10.2.32.594,,,桜処理クライアント,,稼働中,WindowsXP,77-48-19-19-83,基盤部,2010/12/23,
m000594,もも,hydclt091,10.2.32.595,,,紫陽花処理クライアント,,稼働中,Windows10,62-44-29-65-64,基盤部,2017/08/04,
m000595,もも,cosclt102,10.2.32.596,,,秋桜処理クライアント,,稼働中,Windows10,09-35-62-26-10,基盤部,2011/08/13,
m000596,もも,cossic006,10.2.32.597,,,秋桜スイッチ,,稼働中,,69-12-23-45-76,基盤部,2018/09/25,
m000597,ばなな,umesvr046,10.2.32.598,,,梅サーバー,,稼働中,Windows2008R2,04-09-77-30-23,基盤部,2015/01/19,
m000598,ばなな,cossvr037,10.2.32.599,,,秋桜サーバー,,稼働中,Windows2003,69-53-78-80-82,基盤部,2018/03/05,
m000599,りんご,skrclt099,10.2.32.600,,,桜処理クライアント,,稼働中,Windows10,47-06-88-14-34,基盤部,2013/03/23,
m000600,りんご,umeclt080,10.2.32.601,,,梅処理クライアント,,稼働中,WindowsXP,92-00-72-77-65,基盤部,2013/05/13,
m000601,もも,skrclt100,10.2.32.602,,,桜処理クライアント,,稼働中,Windows7,21-11-06-10-85,基盤部,2011/10/27,
m000602,もも,hydclt092,10.2.45.603,,,紫陽花処理クライアント,,稼働中,Windows7,54-67-11-99-20,基盤部,2015/12/17,
m000603,ばなな,hydclt093,10.2.45.604,,,紫陽花処理クライアント,,稼働中,Windows2016,60-38-52-92-02,基盤部,2014/07/27,
m000604,りんご,cosclt103,10.2.45.605,,,秋桜処理クライアント,,稼働中,Windows2003,23-65-49-83-44,基盤部,2012/03/25,
m000605,りんご,umehub006,10.2.45.606,,,梅ハブ,,稼働中,Windows7,86-33-82-70-11,基盤部,2017/07/26,
m000606,りんご,umesvr047,10.2.45.607,,,梅サーバー,,導入中,Windows2012R2,86-52-60-44-73,基盤部,2018/02/02,
m000607,ばなな,cosclt104,10.2.45.608,,,秋桜処理クライアント,,"稼働中（近々停止予定）",Windows10,40-03-10-60-97,基盤部,2018/09/07,
m000608,ばなな,skrclt101,10.2.45.609,,,桜処理クライアント,,稼働中(残課題あり),Windows7,54-08-20-27-94,基盤部,2016/02/26,
m000609,ばなな,hydclt094,10.2.45.610,,,紫陽花処理クライアント,,稼働中,Windows7,72-94-60-88-61,基盤部,2017/01/19,
m000610,みかん,hydsvr039,10.2.45.611,,,紫陽花サーバー,,稼働中(残課題あり),Windows10,65-75-66-04-44,基盤部,2016/05/17,
m000611,もも,skrclt102,10.2.45.612,,,桜処理クライアント,,稼働中(残課題あり),Windows10,14-40-76-37-01,基盤部,2011/03/24,
m000612,りんご,skrhub012,10.2.45.613,,,桜ハブ,,稼働中,WindowsXP,64-21-07-24-06,基盤部,2016/06/12,
m000613,りんご,cosclt105,10.2.45.614,,,秋桜処理クライアント,,稼働中(残課題あり),Windows7,29-73-09-91-98,基盤部,2010/03/23,
m000614,もも,skrclt103,10.2.45.615,,,桜処理クライアント,,稼働中,WindowsXP,41-92-00-95-10,基盤部,2014/05/26,
m000615,みかん,skrclt104,10.2.45.616,,,桜処理クライアント,,"稼働中（近々停止予定）",Windows10,33-83-95-88-81,基盤部,2010/12/19,
m000616,もも,skrsvr032,10.2.45.617,,,桜サーバー,,稼働中,Windows7,89-38-06-59-73,基盤部,2014/09/22,
m000617,りんご,umeclt081,10.2.45.618,,,梅処理クライアント,,"稼働中（近々停止予定）",Windows10,58-04-52-09-78,基盤部,2015/12/14,
m000618,ばなな,cosclt106,10.2.45.619,,,秋桜処理クライアント,,撤去作業中,,77-02-09-86-75,基盤部,2010/08/29,
m000619,ばなな,skrsvr033,10.2.45.620,,,桜サーバー,,"稼働中（近々停止予定）",Windows10,78-09-32-92-71,基盤部,2017/11/27,
m000620,もも,hydsvr040,10.2.45.621,,,紫陽花サーバー,,"稼働中（近々停止予定）",Windows10,84-15-82-00-00,基盤部,2012/09/19,
m000621,もも,skrclt105,10.2.45.622,,,桜処理クライアント,,導入中,Windows2008,14-20-83-31-44,基盤部,2017/01/21,
m000622,もも,skrclt106,10.2.45.623,,,桜処理クライアント,,導入中,Windows2008,78-96-37-46-26,基盤部,2016/07/18,
m000623,りんご,umeclt082,10.2.45.624,,,梅処理クライアント,,稼働中(残課題あり),Windows7,46-69-27-27-96,基盤部,2017/04/27,
m000624,もも,skrsvr034,10.2.45.625,,,桜サーバー,,稼働中,Windows7,87-89-14-10-27,基盤部,2015/08/23,
m000625,りんご,hydclt095,10.2.45.626,,,紫陽花処理クライアント,,稼働中,WindowsXP,89-18-38-39-76,基盤部,2017/01/06,
m000626,りんご,umeclt083,10.2.45.627,,,梅処理クライアント,,稼働中,WindowsXP,59-17-28-38-23,基盤部,2011/03/11,
m000627,ばなな,skrclt107,10.2.45.628,,,桜処理クライアント,,稼働中,Windows7,91-57-38-74-27,基盤部,2017/06/28,
m000628,みかん,skrsvr035,10.2.45.629,,,桜サーバー,,撤去・返却・廃棄済み,,05-36-58-99-65,基盤部,2013/09/27,
m000629,ばなな,umeclt084,10.2.45.630,,,梅処理クライアント,,"稼働中（近々停止予定）",Windows10,55-66-73-67-40,基盤部,2012/06/08,
m000630,ばなな,hydclt096,10.2.45.631,,,紫陽花処理クライアント,,撤去作業中,,97-78-08-59-65,基盤部,2013/08/11,
m000631,みかん,umesvr048,10.2.45.632,,,梅サーバー,,稼働中,Windows7,32-37-94-93-46,基盤部,2011/03/26,
m000632,もも,skrclt108,10.2.45.633,,,桜処理クライアント,,稼働中,Windows7,98-10-06-95-63,基盤部,2018/03/11,
m000633,ばなな,skrclt109,10.2.45.634,,,桜処理クライアント,,稼働中(残課題あり),Windows7,08-39-59-49-59,基盤部,2018/09/23,
m000634,りんご,hydfls008,10.2.45.635,,,紫陽花FW,,稼働中,Windows7,00-98-84-22-49,基盤部,2010/06/03,
m000635,ばなな,skrclt110,10.2.45.636,,,桜処理クライアント,,稼働中,Windows2003,82-97-20-33-69,基盤部,2015/09/20,
m000636,ばなな,hydsvr041,10.2.45.637,,,紫陽花サーバー,,稼働中,Windows7,94-04-79-37-65,基盤部,2016/03/24,
m000637,みかん,hydclt097,10.2.45.638,,,紫陽花処理クライアント,,稼働中,Windows7,11-18-62-85-07,基盤部,2011/09/16,
m000638,りんご,cosclt107,10.2.45.639,,,秋桜処理クライアント,,稼働中,WindowsXP,32-17-59-76-15,基盤部,2014/10/06,
m000639,みかん,hydclt098,10.2.45.640,,,紫陽花処理クライアント,,稼働中,Windows7,51-35-27-26-11,基盤部,2011/07/09,
m000640,りんご,cossic007,10.2.45.641,,,秋桜スイッチ,,稼働中,WindowsXP,43-98-96-03-83,基盤部,2012/06/24,
m000641,もも,skrsvr036,10.2.45.642,,,桜サーバー,,稼働中,Windows7,41-43-43-97-23,基盤部,2010/09/09,
m000642,ばなな,skrclt111,10.2.45.643,,,桜処理クライアント,,稼働中,Windows7,32-41-25-89-38,基盤部,2010/01/16,
m000643,もも,skrclt112,10.2.45.644,,,桜処理クライアント,,導入中,Windows2012,31-19-31-67-68,基盤部,2015/10/12,
m000644,みかん,hydsic010,10.2.45.645,,,紫陽花スイッチ,,稼働中,Windows7,75-22-76-72-07,基盤部,2017/06/02,
m000645,みかん,cossic008,10.2.45.646,,,秋桜スイッチ,,稼働中,WindowsXP,64-72-24-14-23,基盤部,2012/06/25,
m000646,ばなな,skrclt113,10.2.45.647,,,桜処理クライアント,,導入中,Windows2012,66-40-29-39-01,基盤部,2014/08/28,
m000647,みかん,skrsvr037,10.2.45.648,,,桜サーバー,,稼働中,WindowsXP,85-60-07-74-78,基盤部,2011/10/16,
m000648,もも,cosclt108,10.2.45.649,,,秋桜処理クライアント,,稼働中,Windows7,64-36-54-23-85,基盤部,2012/07/16,
m000649,もも,cosclt109,10.2.45.650,,,秋桜処理クライアント,,停止中,Windows10,72-88-91-50-67,基盤部,2010/08/23,
m000650,りんご,skrsic005,10.2.45.651,,,桜スイッチ,,撤去作業中,,85-57-09-94-36,基盤部,2016/04/08,
m000651,ばなな,skrclt114,10.2.45.652,,,桜処理クライアント,,稼働中(残課題あり),Windows7,92-49-54-09-44,基盤部,2010/03/17,
m000652,ばなな,skrclt115,10.2.45.653,,,桜処理クライアント,,撤去・返却・廃棄済み,,77-57-97-28-70,基盤部,2014/09/08,
m000653,りんご,hydclt099,10.2.45.654,,,紫陽花処理クライアント,,稼働中,Windows7,48-49-05-67-70,基盤部,2011/02/13,
m000654,もも,umeclt085,10.2.45.655,,,梅処理クライアント,,稼働中,WindowsXP,20-55-04-76-44,基盤部,2011/04/27,
m000655,もも,umeclt086,10.2.45.656,,,梅処理クライアント,,稼働中,Windows7,93-13-24-20-24,基盤部,2013/03/23,
m000656,りんご,skrclt116,10.2.45.657,,,桜処理クライアント,,稼働中,Windows7,45-80-28-78-73,基盤部,2013/06/08,
m000657,ばなな,skrclt117,10.2.45.658,,,桜処理クライアント,,稼働中(残課題あり),Windows10,68-08-95-61-78,基盤部,2015/01/14,
m000658,もも,skrclt118,10.2.45.659,,,桜処理クライアント,,稼働中(残課題あり),Windows7,56-49-47-04-44,基盤部,2018/01/23,
m000659,りんご,cossic009,10.2.45.660,,,秋桜スイッチ,,稼働中,Windows7,77-82-08-36-61,基盤部,2010/09/12,
m000660,りんご,hydhub011,10.2.45.661,,,紫陽花ハブ,,導入中,Windows2008,02-38-10-46-03,基盤部,2015/05/14,
m000661,みかん,cossvr038,10.2.45.662,,,秋桜サーバー,,稼働中,Windows7,70-06-65-84-13,基盤部,2012/02/19,
m000662,もも,hydhub012,10.2.45.663,,,紫陽花ハブ,,導入中,Windows2012R2,25-87-56-82-06,基盤部,2014/11/13,
m000663,みかん,umeclt087,10.2.45.664,,,梅処理クライアント,,稼働中,WindowsXP,97-13-17-57-42,基盤部,2018/04/06,
m000664,りんご,umehub007,10.2.45.665,,,梅ハブ,,稼働中,Windows7,18-76-00-49-81,基盤部,2017/03/31,
m000665,みかん,cosclt110,10.2.45.666,,,秋桜処理クライアント,,撤去作業中,,57-29-85-92-35,基盤部,2015/10/30,
m000666,もも,cossvr039,10.2.45.667,,,秋桜サーバー,,稼働中,Windows7,27-76-55-78-35,基盤部,2011/02/07,
m000667,みかん,cosclt111,10.2.45.668,,,秋桜処理クライアント,,稼働中,Windows2003,51-69-93-50-96,基盤部,2012/11/20,
m000668,もも,skrclt119,10.2.45.669,,,桜処理クライアント,,"稼働中（近々停止予定）",Windows10,24-04-21-23-00,基盤部,2012/09/10,
m000669,みかん,hydclt100,10.2.45.670,,,紫陽花処理クライアント,,導入中,Windows2012R2,16-41-62-32-65,基盤部,2018/03/08,
m000670,みかん,hydclt101,10.2.45.671,,,紫陽花処理クライアント,,稼働中(残課題あり),Windows7,44-41-39-35-97,基盤部,2014/12/19,
m000671,みかん,umeclt088,10.2.45.672,,,梅処理クライアント,,導入中,Windows2008,06-35-87-42-27,基盤部,2012/12/16,
m000672,もも,hydsvr042,10.2.45.673,,,紫陽花サーバー,,稼働中,WindowsXP,68-24-54-19-09,基盤部,2013/02/26,
m000673,りんご,skrfls006,10.2.45.674,,,桜FW,,稼働中,Windows7,65-56-43-05-32,基盤部,2016/12/06,
m000674,もも,umeclt089,10.2.45.675,,,梅処理クライアント,,稼働中,Windows7,28-71-30-45-30,基盤部,2018/06/14,
m000675,もも,hydclt102,10.2.45.676,,,紫陽花処理クライアント,,停止中,Windows10,72-48-11-93-35,基盤部,2012/07/21,
m000676,ばなな,skrclt120,10.2.45.677,,,桜処理クライアント,,稼働中(残課題あり),Windows7,13-83-70-56-22,基盤部,2015/12/18,
m000677,ばなな,hydclt103,10.2.45.678,,,紫陽花処理クライアント,,稼働中,WindowsXP,14-32-31-64-54,基盤部,2012/10/15,
m000678,ばなな,skrclt121,10.2.45.679,,,桜処理クライアント,,稼働中,Windows7,80-69-28-91-39,基盤部,2018/04/29,
m000679,みかん,coshub005,10.2.45.680,,,秋桜ハブ,,導入中,Windows2012,72-74-13-04-07,基盤部,2016/06/20,
m000680,みかん,cossic010,10.2.45.681,,,秋桜スイッチ,,"稼働中（近々停止予定）",Windows10,53-94-86-80-24,基盤部,2015/04/28,
m000681,ばなな,umesvr049,10.2.45.682,,,梅サーバー,,稼働中,Windows2016,60-01-28-62-81,基盤部,2014/05/19,
m000682,もも,umeclt090,10.2.45.683,,,梅処理クライアント,,稼働中,WindowsXP,49-39-01-63-71,基盤部,2013/06/11,
m000683,りんご,umesvr050,10.2.45.684,,,梅サーバー,,稼働中,Windows2003,33-93-59-45-99,基盤部,2016/08/14,
m000684,もも,hydfls009,10.2.45.685,,,紫陽花FW,,稼働中,Windows7,99-87-97-06-19,基盤部,2017/03/19,
m000685,みかん,skrclt122,10.2.45.686,,,桜処理クライアント,,稼働中(残課題あり),Windows7,32-62-24-82-01,基盤部,2018/02/16,
m000686,りんご,hydsvr043,10.2.45.687,,,紫陽花サーバー,,稼働中,Windows7,78-64-32-31-40,基盤部,2015/06/19,
m000687,ばなな,hydclt104,10.2.45.688,,,紫陽花処理クライアント,,導入中,Windows2008R2,61-86-25-89-41,基盤部,2011/11/21,
m000688,ばなな,umeclt091,10.2.45.689,,,梅処理クライアント,,導入中,Windows2012R2,36-91-63-98-31,基盤部,2017/05/31,
m000689,ばなな,skrsvr038,10.2.45.690,,,桜サーバー,,稼働中,WindowsXP,97-46-23-64-40,基盤部,2017/05/17,
m000690,みかん,cosclt112,10.2.45.691,,,秋桜処理クライアント,,稼働中,Windows7,45-24-55-56-56,基盤部,2012/07/26,
m000691,もも,hydclt105,10.2.45.692,,,紫陽花処理クライアント,,撤去作業中,,95-55-60-61-47,基盤部,2013/01/20,
m000692,ばなな,cosclt113,10.2.45.693,,,秋桜処理クライアント,,稼働中,Windows7,77-14-36-22-58,基盤部,2015/07/24,
m000693,もも,hydclt106,10.2.45.694,,,紫陽花処理クライアント,,撤去作業中,,73-31-97-26-09,基盤部,2010/05/08,
m000694,もも,hydsvr044,10.2.45.695,,,紫陽花サーバー,,稼働中,WindowsXP,10-87-93-84-07,基盤部,2013/06/01,
m000695,りんご,cosclt114,10.2.45.696,,,秋桜処理クライアント,,停止中,Windows10,34-97-90-78-22,基盤部,2011/03/23,
m000696,みかん,hydclt107,10.2.45.697,,,紫陽花処理クライアント,,導入中,Windows2008,47-90-08-14-17,基盤部,2018/04/24,
m000697,ばなな,umesic004,10.2.45.698,,,梅スイッチ,,停止中,Windows10,99-02-63-69-87,基盤部,2018/09/29,
m000698,ばなな,umesvr051,10.2.45.699,,,梅サーバー,,稼働中,WindowsXP,34-28-86-81-30,基盤部,2015/12/01,
m000699,りんご,skrclt123,10.2.45.700,,,桜処理クライアント,,稼働中,Windows7,54-73-98-94-45,基盤部,2018/01/09,
m000700,みかん,skrclt124,10.2.45.701,,,桜処理クライアント,,導入中,Windows2012R2,05-73-91-59-24,基盤部,2015/09/21,
m000701,もも,skrclt125,10.2.45.702,,,桜処理クライアント,,導入中,Windows2012R2,55-73-15-24-40,基盤部,2015/08/10,
m000702,もも,umeclt092,10.2.45.703,,,梅処理クライアント,,稼働中,Windows7,90-34-35-21-28,基盤部,2015/05/08,
m000703,もも,cossvr040,10.2.45.704,,,秋桜サーバー,,導入中,Windows2008R2,26-09-53-26-48,基盤部,2010/01/07,
m000704,りんご,umehub008,10.2.45.705,,,梅ハブ,,導入中,Windows2008R2,84-21-17-61-80,基盤部,2012/09/19,
m000705,もも,umesvr052,10.2.45.706,,,梅サーバー,,稼働中(残課題あり),Windows10,25-79-28-48-97,基盤部,2015/03/17,
m000706,りんご,skrsic006,10.2.45.707,,,桜スイッチ,,撤去作業中,,83-31-92-08-37,基盤部,2017/02/07,
m000707,みかん,cosclt115,10.2.45.708,,,秋桜処理クライアント,,稼働中,WindowsXP,95-23-37-97-73,基盤部,2018/08/28,
m000708,みかん,skrclt126,10.2.45.709,,,桜処理クライアント,,稼働中,WindowsXP,19-03-78-81-40,基盤部,2013/10/18,
m000709,もも,hydfls010,10.2.45.710,,,紫陽花FW,,"稼働中（近々停止予定）",Windows10,75-61-21-93-45,基盤部,2015/11/07,
m000710,もも,hydclt108,10.2.45.711,,,紫陽花処理クライアント,,稼働中(残課題あり),Windows7,00-42-25-29-11,基盤部,2014/07/17,
m000711,ばなな,cosclt116,10.2.45.712,,,秋桜処理クライアント,,停止中,Windows10,98-30-81-79-40,基盤部,2011/07/10,
m000712,ばなな,cosclt117,10.2.45.713,,,秋桜処理クライアント,,撤去作業中,,53-75-47-91-72,基盤部,2010/06/05,
m000713,もも,skrsvr039,10.2.45.714,,,桜サーバー,,"稼働中（近々停止予定）",Windows10,96-04-58-32-87,基盤部,2018/09/28,
m000714,ばなな,skrsvr040,10.2.45.715,,,桜サーバー,,稼働中,Windows2016,79-31-05-76-75,基盤部,2015/05/09,
m000715,もも,skrclt127,10.2.45.716,,,桜処理クライアント,,"稼働中（近々停止予定）",Windows10,85-15-30-87-62,基盤部,2016/02/09,
m000716,みかん,skrsvr041,10.2.45.717,,,桜サーバー,,導入中,Windows2012R2,54-98-10-43-93,基盤部,2014/07/27,
m000717,ばなな,cossic011,10.2.45.718,,,秋桜スイッチ,,撤去作業中,,10-63-56-30-50,基盤部,2014/02/06,
m000718,ばなな,hydclt109,10.2.45.719,,,紫陽花処理クライアント,,稼働中,Windows2003,63-72-88-13-34,基盤部,2018/07/26,
m000719,りんご,skrsvr042,10.2.45.720,,,桜サーバー,,稼働中,Windows7,44-60-49-17-04,基盤部,2010/04/21,
m000720,りんご,hydclt110,10.2.45.721,,,紫陽花処理クライアント,,導入中,Windows2012,80-74-55-86-94,基盤部,2018/04/02,
m000721,みかん,skrclt128,10.2.45.722,,,桜処理クライアント,,稼働中,Windows7,94-66-75-96-90,基盤部,2015/06/23,
m000722,りんご,hydfls011,10.2.45.723,,,紫陽花FW,,稼働中,Windows2003,53-04-30-27-63,基盤部,2012/04/27,
m000723,りんご,skrsvr043,10.2.45.724,,,桜サーバー,,稼働中,Windows7,05-09-39-49-19,基盤部,2012/12/28,
m000724,もも,umesvr053,10.2.45.725,,,梅サーバー,,導入中,Windows2012R2,78-79-33-33-10,基盤部,2015/02/18,
m000725,みかん,cosclt118,10.2.45.726,,,秋桜処理クライアント,,稼働中(残課題あり),Windows7,80-59-99-54-96,基盤部,2017/03/19,
m000726,ばなな,umesvr054,10.2.45.727,,,梅サーバー,,導入中,Windows2008R2,32-38-68-58-98,基盤部,2013/02/13,
m000727,もも,cossvr041,10.2.45.728,,,秋桜サーバー,,"稼働中（近々停止予定）",Windows10,66-87-16-74-86,基盤部,2011/07/04,
m000728,もも,skrsvr044,10.2.45.729,,,桜サーバー,,導入中,Windows2008,55-41-31-50-96,基盤部,2016/07/23,
m000729,もも,cosclt119,10.2.45.730,,,秋桜処理クライアント,,稼働中,Windows7,29-95-47-02-99,基盤部,2010/04/15,
m000730,りんご,skrclt129,10.2.45.731,,,桜処理クライアント,,稼働中,Windows7,13-80-43-50-05,基盤部,2018/08/31,
m000731,ばなな,hydclt111,10.2.45.732,,,紫陽花処理クライアント,,稼働中,Windows7,67-21-49-50-88,基盤部,2018/09/09,
m000732,もも,cosclt120,10.2.45.733,,,秋桜処理クライアント,,稼働中,WindowsXP,23-94-64-59-76,基盤部,2012/03/30,
m000733,ばなな,cossvr042,10.2.45.734,,,秋桜サーバー,,稼働中(残課題あり),Windows7,40-09-45-77-07,基盤部,2012/10/26,
m000734,みかん,umeclt093,10.2.45.735,,,梅処理クライアント,,稼働中(残課題あり),Windows7,12-07-26-40-97,基盤部,2017/02/03,
m000735,もも,skrclt130,10.2.45.736,,,桜処理クライアント,,稼働中,Windows7,83-51-35-75-41,基盤部,2017/02/14,
m000736,もも,cosclt121,10.2.45.737,,,秋桜処理クライアント,,導入中,Windows2008R2,66-29-42-72-74,基盤部,2013/02/01,
m000737,みかん,umeclt094,10.2.45.738,,,梅処理クライアント,,稼働中,Windows2016,77-01-14-27-08,基盤部,2013/08/14,
m000738,もも,skrclt131,10.2.45.739,,,桜処理クライアント,,撤去作業中,,51-31-72-05-57,基盤部,2010/04/18,
m000739,りんご,umeclt095,10.2.45.740,,,梅処理クライアント,,稼働中,Windows7,89-71-40-43-84,基盤部,2011/12/02,
m000740,ばなな,skrclt132,10.2.45.741,,,桜処理クライアント,,稼働中,WindowsXP,08-76-88-03-70,基盤部,2011/01/21,
m000741,りんご,skrclt133,10.2.45.742,,,桜処理クライアント,,稼働中,Windows7,76-22-42-92-38,基盤部,2010/04/25,
m000742,ばなな,umeclt096,10.2.45.743,,,梅処理クライアント,,撤去作業中,,06-38-71-84-69,基盤部,2015/08/25,
m000743,みかん,skrhub013,10.2.45.744,,,桜ハブ,,稼働中,Windows7,39-56-87-45-98,基盤部,2016/04/18,
m000744,もも,umeclt097,10.2.45.745,,,梅処理クライアント,,導入中,Windows2012,50-91-30-41-26,基盤部,2016/06/08,
m000745,ばなな,hydclt112,10.2.45.746,,,紫陽花処理クライアント,,導入中,Windows2012,08-79-36-50-55,基盤部,2014/07/22,
m000746,ばなな,skrsvr045,10.2.45.747,,,桜サーバー,,"稼働中（近々停止予定）",Windows10,81-66-42-33-40,基盤部,2018/01/06,
m000747,りんご,hydclt113,10.2.45.748,,,紫陽花処理クライアント,,稼働中,Windows7,47-21-44-37-63,基盤部,2014/07/27,
m000748,もも,umefls007,10.2.45.749,,,梅FW,,稼働中(残課題あり),Windows10,10-80-47-19-76,基盤部,2017/02/09,
m000749,もも,cosclt122,10.2.45.750,,,秋桜処理クライアント,,稼働中(残課題あり),Windows7,98-31-57-55-55,基盤部,2018/01/24,
m000750,みかん,skrsvr046,10.2.45.751,,,桜サーバー,,稼働中(残課題あり),Windows10,05-01-49-09-55,基盤部,2011/02/25,
m000751,ばなな,hydsvr045,10.2.45.752,,,紫陽花サーバー,,稼働中,Windows2016,31-00-07-24-44,基盤部,2015/05/16,
m000752,ばなな,umeclt098,10.2.45.753,,,梅処理クライアント,,"稼働中（近々停止予定）",Windows10,02-19-30-87-17,基盤部,2018/02/11,
m000753,もも,umesvr055,10.2.45.754,,,梅サーバー,,導入中,Windows2008R2,84-99-94-57-68,基盤部,2016/09/06,
m000754,みかん,skrclt134,10.2.45.755,,,桜処理クライアント,,稼働中,Windows2003,02-14-96-82-63,基盤部,2011/08/21,
m000755,ばなな,cosclt123,10.2.45.756,,,秋桜処理クライアント,,稼働中,WindowsXP,88-38-67-75-26,基盤部,2015/02/16,
m000756,ばなな,cosclt124,10.2.45.757,,,秋桜処理クライアント,,稼働中(残課題あり),Windows10,12-33-18-54-96,基盤部,2017/02/27,
m000757,もも,skrsvr047,10.2.45.758,,,桜サーバー,,稼働中,Windows7,43-16-13-99-56,基盤部,2012/07/12,
m000758,ばなな,umeclt099,10.2.45.759,,,梅処理クライアント,,導入中,Windows2012R2,19-43-03-08-56,基盤部,2014/10/18,
m000759,りんご,umesic005,10.2.45.760,,,梅スイッチ,,稼働中,Windows7,66-17-25-74-73,基盤部,2013/06/08,
m000760,ばなな,skrclt135,10.2.45.761,,,桜処理クライアント,,稼働中,Windows7,31-49-97-88-12,基盤部,2013/04/20,
m000761,りんご,umeclt100,10.2.45.762,,,梅処理クライアント,,導入中,Windows2008,00-12-74-47-38,基盤部,2012/11/25,
m000762,りんご,umesvr056,10.2.45.763,,,梅サーバー,,稼働中,Windows7,31-00-73-22-03,基盤部,2011/09/16,
m000763,ばなな,cosfls007,10.2.45.764,,,秋桜FW,,稼働中,WindowsXP,08-60-05-33-55,基盤部,2013/11/26,
m000764,みかん,cossic012,10.2.45.765,,,秋桜スイッチ,,"稼働中（近々停止予定）",Windows10,87-87-66-53-47,基盤部,2011/09/13,
m000765,りんご,skrclt136,10.2.45.766,,,桜処理クライアント,,稼働中,Windows7,84-59-24-23-46,基盤部,2017/12/21,
m000766,ばなな,coshub006,10.2.45.767,,,秋桜ハブ,,撤去作業中,,99-66-40-68-65,基盤部,2013/08/08,
m000767,みかん,cosclt125,10.2.45.768,,,秋桜処理クライアント,,稼働中,Windows7,66-30-91-93-79,基盤部,2015/05/04,
m000768,みかん,umesvr057,10.2.45.769,,,梅サーバー,,稼働中,Windows7,19-79-96-09-36,基盤部,2013/08/18,
m000769,ばなな,skrclt137,10.2.45.770,,,桜処理クライアント,,稼働中(残課題あり),Windows7,74-82-48-38-35,基盤部,2015/05/14,
m000770,もも,umesvr058,10.2.45.771,,,梅サーバー,,撤去・返却・廃棄済み,,40-73-89-84-77,基盤部,2014/08/24,
m000771,もも,cosclt126,10.2.45.772,,,秋桜処理クライアント,,稼働中,Windows7,16-05-36-06-02,基盤部,2013/10/06,
m000772,もも,skrclt138,10.2.45.773,,,桜処理クライアント,,稼働中,Windows7,04-02-45-10-86,基盤部,2017/07/02,
m000773,みかん,skrsvr048,10.2.45.774,,,桜サーバー,,"稼働中（近々停止予定）",Windows10,64-19-19-39-42,基盤部,2017/11/20,
m000774,もも,hydsvr046,10.2.45.775,,,紫陽花サーバー,,"稼働中（近々停止予定）",Windows10,32-61-00-38-02,基盤部,2012/01/08,
m000775,りんご,hydsvr047,10.2.45.776,,,紫陽花サーバー,,"稼働中（近々停止予定）",Windows10,11-53-94-13-73,基盤部,2017/08/11,
m000776,みかん,coshub007,10.2.45.777,,,秋桜ハブ,,導入中,Windows2012R2,25-24-76-21-18,基盤部,2013/02/05,
m000777,ばなな,cosfls008,10.2.45.778,,,秋桜FW,,稼働中,WindowsXP,85-68-82-53-62,基盤部,2013/12/03,
m000778,みかん,umesvr059,10.2.45.779,,,梅サーバー,,撤去・返却・廃棄済み,,85-54-84-42-40,基盤部,2017/02/26,
m000779,りんご,hydclt114,10.2.45.780,,,紫陽花処理クライアント,,稼働中,WindowsXP,29-72-06-72-97,基盤部,2012/08/23,
m000780,みかん,skrhub014,10.2.45.781,,,桜ハブ,,稼働中,Windows7,98-55-24-45-52,基盤部,2016/03/04,
m000781,ばなな,skrclt139,10.2.45.782,,,桜処理クライアント,,稼働中,Windows7,60-23-84-31-24,基盤部,2012/06/15,
m000782,ばなな,cosclt127,10.2.45.783,,,秋桜処理クライアント,,撤去作業中,,27-92-11-91-54,基盤部,2010/11/04,
m000783,みかん,skrclt140,10.2.45.784,,,桜処理クライアント,,稼働中,Windows7,48-29-98-24-98,基盤部,2018/05/15,
m000784,ばなな,cosclt128,10.2.45.785,,,秋桜処理クライアント,,稼働中,WindowsXP,04-23-53-36-69,基盤部,2016/05/14,
m000785,ばなな,skrclt141,10.2.45.786,,,桜処理クライアント,,稼働中,Windows7,20-44-57-45-80,基盤部,2016/02/05,
m000786,もも,umehub009,10.2.45.787,,,梅ハブ,,導入中,Windows2008R2,76-00-89-30-27,基盤部,2014/11/07,
m000787,もも,cosclt129,10.2.45.788,,,秋桜処理クライアント,,"稼働中（近々停止予定）",Windows10,85-48-17-46-53,基盤部,2015/04/11,
m000788,ばなな,cossic013,10.2.45.789,,,秋桜スイッチ,,撤去・返却・廃棄済み,,90-79-80-13-85,基盤部,2012/08/01,
m000789,りんご,umesvr060,10.2.45.790,,,梅サーバー,,導入中,Windows2008,59-78-90-97-68,基盤部,2010/02/18,
m000790,りんご,hydclt115,10.2.45.791,,,紫陽花処理クライアント,,停止中,Windows10,86-51-82-00-63,基盤部,2011/05/16,
m000791,みかん,cosfls009,10.2.45.792,,,秋桜FW,,稼働中,WindowsXP,63-26-43-69-55,基盤部,2011/03/17,
m000792,りんご,hydclt116,10.2.45.793,,,紫陽花処理クライアント,,稼働中,Windows7,00-13-42-42-80,基盤部,2014/03/07,
m000793,ばなな,cosclt130,10.2.45.794,,,秋桜処理クライアント,,導入中,Windows2008R2,74-97-72-02-01,基盤部,2010/03/09,
m000794,りんご,umeclt101,10.2.45.795,,,梅処理クライアント,,稼働中(残課題あり),Windows7,67-75-60-05-22,基盤部,2015/04/15,
m000795,ばなな,cosclt131,10.2.45.796,,,秋桜処理クライアント,,稼働中(残課題あり),Windows7,52-14-23-09-82,基盤部,2016/07/04,
m000796,ばなな,cosclt132,10.2.45.797,,,秋桜処理クライアント,,導入中,Windows2012R2,51-29-09-56-28,基盤部,2017/12/04,
m000797,みかん,hydclt117,10.2.45.798,,,紫陽花処理クライアント,,撤去作業中,,99-46-05-61-37,基盤部,2015/11/18,
m000798,もも,cosclt133,10.2.45.799,,,秋桜処理クライアント,,稼働中,Windows2003,46-03-30-95-86,基盤部,2016/01/09,
m000799,ばなな,skrclt142,10.2.45.800,,,桜処理クライアント,,稼働中,Windows7,75-07-75-17-42,基盤部,2017/04/21,
m000800,もも,cossvr043,10.2.45.801,,,秋桜サーバー,,"稼働中（近々停止予定）",Windows10,88-29-06-69-38,基盤部,2018/04/26,
m000801,みかん,umeclt102,10.2.45.802,,,梅処理クライアント,,稼働中(残課題あり),Windows7,13-43-65-77-20,基盤部,2014/10/18,
