name,furi,summary,detail,count,syurui,date,delete
消すうさぎ兎,うさぎけす,http://localhost/Memoria/pages/file.php,,5,3,"2017/3/28 20:08",1
消すうさぎ兎,消すうさぎ兎,http://localhost/Memoria/pages/file.php,,0,3,"2017/3/28 20:08",1
消すうさぎ兎,うさぎす,http://localhost/Memoria/pages/file.php,,1,3,"2017/3/28 20:08",1
消すうさぎ兎,消すうさぎ兎,http://localhost/Memoria/pages/file.php,,0,3,"2017/3/28 20:08",1
消すうさぎ兎,消すうさぎ兎,http://localhost/Memoria/pages/file.php,,1,3,"2017/3/28 20:08",1
うさぎ,うさぎ,http://localhost/Memoria/pages/file.php,,0,3,"2017/3/28 20:08",
うさぎ,うさぎ,http://localhost/Memoria/pages/file.php,,0,3,"2017/3/28 20:08",1
うさぎ,うさぎ,http://localhost/Memoria/pages/file.php,,0,3,"2017/3/28 20:08",
うさぎ,うさぎ,http://localhost/Memoria/pages/file.php,,0,3,"2017/3/28 20:08",
VBA基礎文法最速マスター,VBAきそぶんぽうさいそくますたー,http://d.hatena.ne.jp/nattou_curry_2/20100129/1264787849,,0,3,"2017/4/2 19:24",0
データ,でーた,"C:\xampp\htdocs\Memoria\data",,7,2,"2017/5/2 18:10",0
ページ1,ぺーじ,"C:\xampp\htdocs\Memoria\pages",,0,2,"2017/5/2 18:10",0
ページ2,ぺーじ,"C:\xampp\htdocs\Memoria\pages",,0,2,"2017/5/2 18:10",0
ページ3,ぺーじ,"C:\xampp\htdocs\Memoria\pages",,1,2,"2017/5/2 18:10",0
消すうさぎ兎,消すうさぎ兎,ラビット。動物,,0,2,"2017/3/28 20:08",1
洋梨,ようなし,"セイヨウナシ（西洋梨、 学名：Pyrus communis）とはヨーロッパ原産のバラ科ナシ属の植物、およびその果実であり、洋なしともいう。ヨーロッパ、北アメリカ、オーストラリアをはじめ世界中で広く食用に栽培されている。","セイヨウナシ（西洋梨、 学名：Pyrus communis）とはヨーロッパ原産のバラ科ナシ属の植物、およびその果実であり、洋なしともいう。ヨーロッパ、北アメリカ、オーストラリアをはじめ世界中で広く食用に栽培されている。",0,2,"2017/3/28 17:20",
蜜柑,みかん,ミカン科（Rutaceae）は双子葉植物の科で約150属、900種からなる。木（一部草本）の状態で存在し、温帯から熱帯に分布する。精油を含み芳香（異臭の場合もある）を有する。花に芳香のあるものも多い。,ミカン科（Rutaceae）は双子葉植物の科で約150属、900種からなる。木（一部草本）の状態で存在し、温帯から熱帯に分布する。精油を含み芳香（異臭の場合もある）を有する。花に芳香のあるものも多い。,0,2,"2017/3/27 15:30",
favicon.ico,favicon.ico,アイコン,アイコン用の画像ファイル,0,2,"2017/3/28 0:31",
アイス,あいす,お菓子,,0,2,"2017/3/28 20:08",
猫,ねこ,みゃーーーーーーーーーーーーーーー,,0,2,"2017/3/27 15:32",
資料おきば,しりょうおきば,ファイル名とか書いておくといいかも?,,0,2,"2017/3/28 15:00",0
Apple,Apple,macやiphone等を製造・販売している会社,,0,2,"2017/3/28 15:43",
犬,いぬ,ワンワンと鳴く生き物,,0,2,"2017/3/28 19:57",
チョコ,ちょこ,お菓子,,0,2,"2017/3/28 20:07",
todoリスト,りすと,やることリスト作らなきゃ,おー！,2,2,"2017/3/29 16:22",
テスト,てすと,これはテストです。<br>これはテストです。<br>これはテストです。,"これはテストです。<br>これはテストです。<br>これはテストです。<br><a href=''# target='_blank'>参考WEBサイト</a>",0,2,"2017/4/1 9:16",1
VBA基礎文法最速マスター,VBAきそぶんぽうさいそくますたー,http://d.hatena.ne.jp/nattou_curry_2/20100129/1264787849,,2,3,"2017/4/2 19:24",0
DateTimeクラス,DateTimeクラス,DateTimeクラスは日付時間を扱うオブジェクトです,,0,2,"2017/4/14 4:05",0
データ,でーた,"<a href='C:\xampp\htdocs\Memoria\data' target='_blank'>C:\xampp\htdocs\Memoria\data</a>",,0,1,"2017/5/2 18:10",0
ページ,ぺーじ,"<a href='C:\xampp\htdocs\Memoria\pages' target='_blank'>C:\xampp\htdocs\Memoria\pages</a>",,0,1,"2017/5/2 18:10",0
ページ,ぺーじ,"<a href='C:\xampp\htdocs\Memoria\pages' target='_blank'>C:\xampp\htdocs\Memoria\pages</a><br><a href='C:\xampp\htdocs\Memoria\pages' target='_blank'>C:\xampp\htdocs\Memoria\pages</a>",,0,1,"2017/5/2 18:10",0
コナンの映画見る,コナンの映画見る,,,1,2,"2018/6/26 3:12",0
コナンの映画見る,コナンの映画見る,,,1,2,"2018/6/26 3:13",0
うさぎ兎,,http://kachibito.net/web-design/jquery-gantt.html,,4,3,"2018/7/6 4:21",1
ゴシック,,http://bootstrap3.cyberlab.info/css/forms-supportedControls.html#usage4,,3,3,"2018/7/6 4:24",0
jQueryのnext()やprev()などで兄弟要素を取得,,http://www.flatflag.nir87.com/next-1204,,0,3,"2018/7/6 4:30",0
ローディング画像作成,,http://loadergenerator.com/,,0,3,"2018/7/7 21:31",0
ローディング画像,ローディング画像,https://www.benricho.org/loading_images/webfont.html,,1,3,"2018/7/7 22:30",0
"jQuery.Gantt "," ",http://javatechnology.net/jquery/gantt/,http://kachibito.net/snippets/wikipedia-viewer,0,3,"2018/08/10 01:47:50",0
漢字,ふりがな,&#9742;store,,2,1,"2018/10/18 01:34:41",0
消すうさぎ兎,消すうさぎ兎,http://localhost/Memoria/MDBpages/file.php?page=file_make&type=new,てすとだよ,0,3,"2018/10/21 17:17:07",1
datatablesの紹介ぺーじ,でーたてーぶるのしょうかいぺーじ,https://qiita.com/nissuk/items/7ac59af5de427c0585c5,,0,3,"2018/10/23 03:19:15",0
