todoid,テーマ概要,KPI,担当,済み,進捗,"今後の予定",parentid,最終更新日時,"表示",削除
30,test1<br>test1<br>test1,test1,▲▲test1,test1<br>test1<br>test1,test1<br>test1,test1<br>test1,0,"2018/06/20 00:20:25",0,0
31,書き換え,test2,▲▲test2,test2<br>test2<br>test2,test2<br>test2<br>test2,test2<br>test2<br>test2,0,"2018/06/20 01:44:50",1,0
38,,,▲▲aaa,,,,0,"2018/06/20 01:45:11",0,0
45,,,▲▲,,,,0,"2018/06/20 01:45:11",1,0
46,,,▲▲,,,,0,"2018/06/20 00:20:25",0,0
48,,,▲▲,,,,0,"2018/06/20 00:20:25",0,0
50,,,▲▲,,,,0,"2018/06/20 00:20:25",0,0
25,ああうん。ああああああああああ,ああうん。ああああああああああ,ああうん。ああああああああああ,ああうん。ああああああああああ,ああうん。ああああああああああ,0ああうん。ああああああああああ,"2018/06/20 00:15:35","2018/06/20 00:20:25",0,0
1,Mimoriaの作成,,,,,,0,"2018/06/20 00:19:57",0,0
