id,タイトル,作業内容,納期,納期時間,"開始予定日","終了予定日",パーセンテージ,完了,所感,level,top,parent,child,成果物,テーマ,優先度,登録日,保留,削除,時間管理テーマ,順番
1,Mimoriaの作成,Mimoriaの作成,2017/5/31,23:59,2017/3/22,2017/5/31,50,0,"まだまだたくさんの機能足りないぞー",1,1,0,2,???,0,1,"2017/3/26 21:01",,,0,0
2,"リストに表記すること",リストに必要な情報を書き込む,2017/5/31,23:59,2017/3/22,2017/5/31,100,1,"まだまだたくさんの機能足りないぞー",1,2,0,0,,0,1,"2017/3/27 21:01",,,0,0
3,"4月テレビの予約","4月テレビを予約登録する<br>楽しみ",2017/4/5,23:59,2017/3/28,2017/4/5,100,1,今季は何があるだろう？,1,3,0,0,,0,1,"2017/3/28 21:01",0,0,0,0
4,本棚返却,貸してドットコムに本棚を返却する,2017/4/15,10:14,2017/4/5,2017/4/15,100,1,部屋の片づけも重要,1,4,0,4,,0,1,"2017/3/29 21:01",,0,0,0
5,テンプレートの選定,Mimoriaでつかうテンプレートを選ぶ,2017/4/15,23:59,2017/4/5,2017/4/15,100,1,複数用意した,2,1,1,0,,0,1,"2017/3/30 21:01",,,0,1
6,設計,脳内設計,2017/4/15,23:59,2017/4/5,2017/4/15,0,0,難しい<br>ｘｘｘ,2,1,1,0,,0,1,"2017/3/31 21:01",,,0,2
7,てすと,てすと<br>てすと,2017/4/1,18:00,2017/4/1,2017/4/1,100,1,"no comment",1,7,0,0,てすと,0,1,"2017/4/1 21:01",,,0,0
8,てすと２,てすと<br>てすと<br>てすと,2017/4/30,18:00,2017/4/1,2017/4/1,100,1,"no comment",1,8,0,1,,0,1,"2017/4/1 21:55",,,0,0
9,レベル２,レベル２,2017/4/2,1:00,2017/4/9,2017/4/16,100,1,"no comment",2,8,8,1,レベル２,0,1,"2017/4/1 21:55",,,0,1
10,レベル３,レベル３,2017/4/2,0:00,2017/4/2,2017/4/2,100,1,"no comment",3,8,9,0,レベル３,0,2,"2017/4/1 21:55",1,,0,2
11,てすと３,てすと３<br>てすと３<br>てすと３,2017/4/2,18:00,2017/4/2,2017/4/2,100,1,"no comment",1,11,0,1,てすと３,0,1,"2017/4/2 7:15",,,0,0
12,てすと２,てすと３<br>てすと３<br>てすと３,2017/4/2,18:00,2017/4/2,2017/4/2,100,1,"no comment",2,11,11,0,てすと３,0,2,"2017/4/2 7:15",,,0,1
13,tesuto,tesuto,2017/4/2,18:00,2017/4/2,2017/4/2,100,1,"no comment",1,13,0,2,tesuto,1,1,"2017/4/2 9:55",,,0,0
14,tesuto2,tesuto2,2017/4/2,18:00,2017/4/2,2017/4/2,100,1,"no comment",2,13,13,2,tesuto,0,1,"2017/4/2 9:55",,,0,1
15,tesuto3,tesuto3,2017/4/2,18:00,2017/4/2,2017/4/2,100,1,"no comment",3,13,14,0,tesuto3,0,1,"2017/4/2 9:55",,,0,2
16,tesuto3-2,tesuto3-2,2017/4/2,18:00,2017/4/2,2017/4/2,100,1,"no comment",3,13,14,0,tesuto3-2,0,1,"2017/4/2 9:55",,,0,3
17,tesuto2-2,tesuto322,2017/4/2,18:00,2017/4/2,2017/4/2,100,1,"no comment",2,13,13,1,tesuto2-2,0,1,"2017/4/2 9:55",,,0,4
18,tesu,tesu,2017/4/2,18:00,2017/4/2,2017/4/2,100,1,"no comment",3,13,17,0,tesu,0,1,"2017/4/2 9:55",,,0,5
19,"ソードアートオンラインを読むchange","ソードアートオンラインを読む<br>にゃー",2017/4/3,18:00,2017/4/3,2017/4/3,100,1,"no comment",1,19,0,3,なし,1,1,"2017/4/3 18:51",,,0,0
20,"ソードアートオンラインを読む２change","ソードアートオンラインを読む２",2017/4/3,18:00,2017/4/3,2017/4/3,100,1,"no comment",2,19,19,0,なし,0,1,"2017/4/3 18:51",,,0,1
21,"ソードアートオンラインを読む３change","ソードアートオンラインを読む３",2017/4/3,18:00,2017/4/3,2017/4/3,100,1,"no comment",2,19,19,1,,0,1,"2017/4/3 18:51",,,0,2
22,"ソードアートオンラインを読む３−３change","ソードアートオンラインを読む３−３",2017/4/3,18:00,2017/4/3,2017/4/3,100,1,"no comment",3,19,21,0,,0,1,"2017/4/3 18:51",,,0,3
23,"ソードアートオンラインを読む４change","ソードアートオンラインを読む４",2017/4/3,18:00,2017/4/3,2017/4/3,100,1,"no comment",2,19,19,0,なし,0,1,"2017/4/3 18:51",,,0,4
24,階層確認１,階層確認,2017/4/4,18:00,2017/4/4,2017/4/4,100,1,"no comment",1,24,0,12,階層確認,0,1,"2017/4/4 0:14",,0,0,0
25,階層確認２,階層確認,2017/4/4,18:00,2017/4/4,2017/4/4,100,1,"no comment",2,24,24,1,階層確認,0,1,"2017/4/4 0:14",,,0,1
26,階層確認３,階層確認,2017/4/4,18:00,2017/4/4,2017/4/4,100,1,"no comment",3,24,25,0,階層確認,0,1,"2017/4/4 0:14",,,0,2
27,階層確認2,階層確認,2017/4/4,18:00,2017/4/4,2017/4/4,100,1,"no comment",2,24,24,4,階層確認,0,1,"2017/4/4 0:14",,,0,3
28,階層確認３,階層確認,2017/4/4,18:00,2017/4/4,2017/4/4,100,1,"no comment",4,24,26,0,階層確認,0,1,"2017/4/4 0:14",,,0,4
29,階層確認２,階層確認,2017/4/4,18:00,2017/4/4,2017/4/4,100,1,"no comment",2,24,24,2,階層確認,0,1,"2017/4/4 0:14",,,0,5
30,階層確認３,階層確認,2017/4/4,18:00,2017/4/4,2017/4/4,100,1,"no comment",3,24,29,0,階層確認,0,1,"2017/4/4 0:14",,,0,6
31,階層確認３,階層確認,2017/4/4,18:00,2017/4/4,2017/4/4,100,1,"no comment",3,24,29,1,階層確認,0,1,"2017/4/4 0:14",1,,0,7
32,階層確認４,階層確認,2017/4/4,18:00,2017/4/4,2017/4/4,100,1,"no comment",4,24,31,0,,0,1,"2017/4/4 0:14",1,,0,8
33,階層確認２,階層確認,2017/4/4,18:00,2017/4/4,2017/4/4,100,1,"no comment",2,24,24,4,階層確認,0,1,"2017/4/4 0:14",1,,0,9
34,うさぎうさぎ,うさぎ,2017/4/5,18:00,2017/4/5,2017/4/5,100,1,"no comment",1,34,0,0,うさぎ,0,1,"2017/4/5 22:53",0,,0,0
35,うさぎ,うさぎ,2017/4/5,18:00,2017/4/5,2017/4/5,100,1,"no comment",1,35,0,0,うさぎ,0,1,"2017/4/5 22:54",0,,0,0
36,[change]階層確認１,階層確認,2017/4/5,18:00,2017/4/5,2017/4/5,105,0,"no comment",1,36,0,2,階層確認,0,1,"2017/4/5 22:54",0,0,0,0
37,[change]階層確認２,階層確認,2017/4/5,18:00,2017/4/5,2017/4/5,10,0,"no comment",2,36,36,1,階層確認,0,1,"2017/4/5 22:54",0,0,,1
38,[change]階層確認３,階層確認,2017/4/5,18:00,2017/4/5,2017/4/5,10,0,"no comment",3,36,37,0,階層確認,0,1,"2017/4/5 22:54",1,0,,2
39,[change]階層確認2,階層確認,2017/4/5,18:00,2017/4/5,2017/4/5,100,1,"no comment",2,36,36,1,階層確認,0,1,"2017/4/5 22:54",0,0,,3
40,[change]階層確認３,階層確認,2017/4/5,18:00,2017/4/5,2017/4/5,100,1,"no comment",3,36,39,1,階層確認,0,1,"2017/4/5 22:54",0,0,,4
41,[change]階層確認２,階層確認,2017/4/5,18:00,2017/4/5,2017/4/5,100,1,"no comment",2,36,36,2,階層確認,0,1,"2017/4/5 22:54",0,1,0,0
42,[change]階層確認３,階層確認,2017/4/5,18:00,2017/4/5,2017/4/5,100,1,"no comment",3,36,41,0,階層確認,0,1,"2017/4/5 22:54",1,1,0,0
43,[change]階層確認３,階層確認,2017/4/5,18:00,2017/4/5,2017/4/5,100,1,"no comment",3,36,41,1,階層確認,0,1,"2017/4/5 22:54",0,1,0,0
44,[change]階層確認４,階層確認,2017/4/5,18:00,2017/4/5,2017/4/5,100,1,"no comment",4,36,43,0,,0,1,"2017/4/5 22:54",0,1,0,0
45,[change]階層確認２,階層確認,2017/4/5,18:00,2017/4/5,2017/4/5,100,1,"no comment",4,36,40,0,階層確認,0,1,"2017/4/5 22:54",0,0,,5
46,部屋の片づけ,部屋の片づけ人が入れるように,2017/4/15,23:15,2017/4/5,2017/4/15,100,1,"no comment",2,4,4,0,,0,1,"2017/4/14 4:35",0,0,0,1
47,本棚の棚卸,本棚を回収できるように,2017/4/15,23:15,2017/4/5,2017/4/15,100,1,"no comment",2,4,4,0,,0,1,"2017/4/14 4:35",0,0,0,2
48,説明書さがし,あるらしい,2017/4/15,23:00,2017/4/5,2017/4/15,100,1,"no comment",2,4,4,0,,0,1,"2017/4/14 4:35",0,0,0,3
49,回収してもらう,土曜日の10-12時だって,2017/4/15,23:00,2017/4/5,2017/4/15,100,1,"no comment",2,4,4,0,,0,1,"2017/4/14 4:35",0,0,0,4
50,階層確認１,階層確認,2017/4/4,18:00,2017/4/4,2017/4/4,100,1,"no comment",2,24,24,4,階層確認,0,1,"2017/4/16 0:44",0,0,0,10
51,階層確認２,階層確認,2017/4/4,18:00,2017/4/4,2017/4/4,100,1,"no comment",2,24,50,1,階層確認,0,1,"2017/4/16 0:44",0,0,0,11
52,階層確認３,階層確認,2017/4/4,18:00,2017/4/4,2017/4/4,100,1,"no comment",3,24,51,0,階層確認,0,1,"2017/4/16 0:44",0,0,0,12
53,階層確認2,階層確認,2017/4/4,18:00,2017/4/4,2017/4/4,100,1,"no comment",2,24,50,0,階層確認,0,1,"2017/4/16 0:44",0,0,0,13
54,階層確認３,階層確認,2017/4/4,18:00,2017/4/4,2017/4/4,100,1,"no comment",4,24,52,0,階層確認,0,1,"2017/4/16 0:44",0,0,0,14
55,階層確認２,階層確認,2017/4/4,18:00,2017/4/4,2017/4/4,100,1,"no comment",2,24,50,2,階層確認,0,1,"2017/4/16 0:44",0,0,0,15
56,階層確認３,階層確認,2017/4/4,18:00,2017/4/4,2017/4/4,100,1,"no comment",3,24,55,0,階層確認,0,1,"2017/4/16 0:44",0,0,0,16
57,階層確認３,階層確認,2017/4/4,18:00,2017/4/4,2017/4/4,100,1,"no comment",3,24,55,0,階層確認,0,1,"2017/4/16 0:44",0,0,0,17
58,階層確認２,階層確認２,2017/5/1,3:45,2017/4/19,2017/4/30,100,1,"no comment",2,24,50,0,階層確認２,0,1,"2017/4/16 0:44",0,0,0,18
59,階層確認１,階層確認,2017/4/4,18:00,2017/4/4,2017/4/4,100,1,"no comment",2,24,24,4,階層確認,0,1,"2017/4/16 0:45",0,0,0,19
60,階層確認２,階層確認,2017/4/4,18:00,2017/4/4,2017/4/4,100,1,"no comment",2,24,59,1,階層確認,0,1,"2017/4/16 0:45",0,0,0,20
61,階層確認３,階層確認,2017/4/4,18:00,2017/4/4,2017/4/4,100,1,"no comment",3,24,60,0,階層確認,0,1,"2017/4/16 0:45",0,0,0,21
62,階層確認2,階層確認,2017/4/4,18:00,2017/4/4,2017/4/4,100,1,"no comment",2,24,59,0,階層確認,0,1,"2017/4/16 0:45",0,0,0,22
63,階層確認３,階層確認,2017/4/4,18:00,2017/4/4,2017/4/4,100,1,"no comment",4,24,61,0,階層確認,0,1,"2017/4/16 0:45",0,0,0,23
64,階層確認２,階層確認,2017/4/4,18:00,2017/4/4,2017/4/4,100,1,"no comment",2,24,59,2,階層確認,0,1,"2017/4/16 0:45",0,0,0,24
65,階層確認３,階層確認,2017/4/4,18:00,2017/4/4,2017/4/4,100,1,"no comment",3,24,64,0,階層確認,0,1,"2017/4/16 0:45",0,0,0,25
66,階層確認３,階層確認,2017/4/4,18:00,2017/4/4,2017/4/4,100,1,"no comment",3,24,64,0,階層確認,0,1,"2017/4/16 0:45",0,0,0,26
67,階層確認２,階層確認２,2017/5/1,3:45,2017/4/19,2017/4/30,100,1,"no comment",2,24,59,0,階層確認２,0,1,"2017/4/16 0:45",0,0,0,27
68,階層確認１,階層確認,2017/4/4,18:00,2017/4/4,2017/4/4,100,1,"no comment",2,24,4,0,階層確認,0,1,"2017/4/16 0:47",0,0,0,28
69,階層確認２,階層確認,2017/4/4,18:00,2017/4/4,2017/4/4,100,1,"no comment",2,24,68,1,階層確認,0,1,"2017/4/16 0:47",0,0,0,29
70,階層確認３,階層確認,2017/4/4,18:00,2017/4/4,2017/4/4,100,1,"no comment",3,24,69,0,階層確認,0,1,"2017/4/16 0:47",0,0,0,30
71,階層確認2,階層確認,2017/4/4,18:00,2017/4/4,2017/4/4,100,1,"no comment",2,24,68,0,階層確認,0,1,"2017/4/16 0:47",0,0,0,31
72,階層確認３,階層確認,2017/4/4,18:00,2017/4/4,2017/4/4,100,1,"no comment",4,24,70,0,階層確認,0,1,"2017/4/16 0:47",0,0,0,32
73,階層確認２,階層確認,2017/4/4,18:00,2017/4/4,2017/4/4,100,1,"no comment",2,24,68,2,階層確認,0,1,"2017/4/16 0:47",0,0,0,33
74,階層確認３,階層確認,2017/4/4,18:00,2017/4/4,2017/4/4,100,1,"no comment",3,24,73,0,階層確認,0,1,"2017/4/16 0:47",0,0,0,34
75,階層確認３,階層確認,2017/4/4,18:00,2017/4/4,2017/4/4,100,1,"no comment",3,24,73,0,階層確認,0,1,"2017/4/16 0:47",0,0,0,35
76,階層確認２,階層確認２,2017/5/1,3:45,2017/4/19,2017/4/30,100,1,"no comment",2,24,68,0,階層確認２,0,1,"2017/4/16 0:47",0,0,0,36
77,階層確認１,階層確認,2017/4/4,18:00,2017/4/4,2017/4/4,100,1,"no comment",2,24,24,4,階層確認,0,1,"2017/4/16 0:48",0,0,0,37
78,階層確認２,階層確認,2017/4/4,18:00,2017/4/4,2017/4/4,100,1,"no comment",2,24,77,1,階層確認,0,1,"2017/4/16 0:48",0,0,0,38
79,階層確認３,階層確認,2017/4/4,18:00,2017/4/4,2017/4/4,100,1,"no comment",3,24,78,0,階層確認,0,1,"2017/4/16 0:48",0,0,0,39
80,階層確認2,階層確認,2017/4/4,18:00,2017/4/4,2017/4/4,100,1,"no comment",2,24,77,0,階層確認,0,1,"2017/4/16 0:48",0,0,0,40
81,階層確認３,階層確認,2017/4/4,18:00,2017/4/4,2017/4/4,100,1,"no comment",4,24,79,0,階層確認,0,1,"2017/4/16 0:48",0,0,0,41
82,階層確認２,階層確認,2017/4/4,18:00,2017/4/4,2017/4/4,100,1,"no comment",2,24,77,2,階層確認,0,1,"2017/4/16 0:48",0,0,0,42
83,階層確認３,階層確認,2017/4/4,18:00,2017/4/4,2017/4/4,100,1,"no comment",3,24,82,0,階層確認,0,1,"2017/4/16 0:48",0,0,0,43
84,階層確認３,階層確認,2017/4/4,18:00,2017/4/4,2017/4/4,100,1,"no comment",3,24,82,0,階層確認,0,1,"2017/4/16 0:48",0,0,0,44
85,階層確認２,階層確認２,2017/5/1,3:45,2017/4/19,2017/4/30,100,1,"no comment",2,24,77,0,階層確認２,0,1,"2017/4/16 0:48",0,0,0,45
86,階層確認１,階層確認,2017/4/4,18:00,2017/4/4,2017/4/4,100,1,"no comment",2,24,24,4,階層確認,0,1,"2017/4/16 0:48",0,0,0,46
87,階層確認２,階層確認,2017/4/4,18:00,2017/4/4,2017/4/4,100,1,"no comment",2,24,86,1,階層確認,0,1,"2017/4/16 0:48",0,0,0,47
88,階層確認３,階層確認,2017/4/4,18:00,2017/4/4,2017/4/4,100,1,"no comment",3,24,87,0,階層確認,0,1,"2017/4/16 0:48",0,0,0,48
89,階層確認2,階層確認,2017/4/4,18:00,2017/4/4,2017/4/4,100,1,"no comment",2,24,86,0,階層確認,0,1,"2017/4/16 0:48",0,0,0,49
90,階層確認３,階層確認,2017/4/4,18:00,2017/4/4,2017/4/4,100,1,"no comment",4,24,88,0,階層確認,0,1,"2017/4/16 0:48",0,0,0,50
91,階層確認２,階層確認,2017/4/4,18:00,2017/4/4,2017/4/4,100,1,"no comment",2,24,86,2,階層確認,0,1,"2017/4/16 0:48",0,0,0,51
92,階層確認３,階層確認,2017/4/4,18:00,2017/4/4,2017/4/4,100,1,"no comment",3,24,91,0,階層確認,0,1,"2017/4/16 0:48",0,0,0,52
93,階層確認３,階層確認,2017/4/4,18:00,2017/4/4,2017/4/4,100,1,"no comment",3,24,91,0,階層確認,0,1,"2017/4/16 0:48",0,0,0,53
94,階層確認２,階層確認２,2017/5/1,3:45,2017/4/19,2017/4/30,100,1,"no comment",2,24,86,0,階層確認２,0,1,"2017/4/16 0:48",0,0,0,54
95,階層確認１,階層確認,2017/4/4,18:00,2017/4/4,2017/4/4,100,1,"no comment",2,24,4,0,階層確認,0,1,"2017/4/16 0:48",0,0,0,55
96,階層確認２,階層確認,2017/4/4,18:00,2017/4/4,2017/4/4,100,1,"no comment",2,24,95,1,階層確認,0,1,"2017/4/16 0:48",0,0,0,56
97,階層確認３,階層確認,2017/4/4,18:00,2017/4/4,2017/4/4,100,1,"no comment",3,24,96,0,階層確認,0,1,"2017/4/16 0:48",0,0,0,57
98,階層確認2,階層確認,2017/4/4,18:00,2017/4/4,2017/4/4,100,1,"no comment",2,24,95,0,階層確認,0,1,"2017/4/16 0:48",0,0,0,58
99,階層確認３,階層確認,2017/4/4,18:00,2017/4/4,2017/4/4,100,1,"no comment",4,24,97,0,階層確認,0,1,"2017/4/16 0:48",0,0,0,59
100,階層確認２,階層確認,2017/4/4,18:00,2017/4/4,2017/4/4,100,1,"no comment",2,24,95,2,階層確認,0,1,"2017/4/16 0:48",0,0,0,60
101,階層確認３,階層確認,2017/4/4,18:00,2017/4/4,2017/4/4,100,1,"no comment",3,24,100,0,階層確認,0,1,"2017/4/16 0:48",0,0,0,61
102,階層確認３,階層確認,2017/4/4,18:00,2017/4/4,2017/4/4,100,1,"no comment",3,24,100,0,階層確認,0,1,"2017/4/16 0:48",0,0,0,62
103,階層確認２,階層確認２,2017/5/1,3:45,2017/4/19,2017/4/30,100,1,"no comment",2,24,95,0,階層確認２,0,1,"2017/4/16 0:48",0,0,0,63
104,階層確認１,階層確認,2017/4/4,18:00,2017/4/4,2017/4/4,100,1,"no comment",2,24,24,4,階層確認,0,1,"2017/4/16 0:49",0,0,0,64
105,階層確認２,階層確認,2017/4/4,18:00,2017/4/4,2017/4/4,100,1,"no comment",2,24,104,1,階層確認,0,1,"2017/4/16 0:49",0,0,0,65
106,階層確認３,階層確認,2017/4/4,18:00,2017/4/4,2017/4/4,100,1,"no comment",3,24,105,0,階層確認,0,1,"2017/4/16 0:49",0,0,0,66
107,階層確認2,階層確認,2017/4/4,18:00,2017/4/4,2017/4/4,100,1,"no comment",2,24,104,0,階層確認,0,1,"2017/4/16 0:49",0,0,0,67
108,階層確認３,階層確認,2017/4/4,18:00,2017/4/4,2017/4/4,100,1,"no comment",4,24,106,0,階層確認,0,1,"2017/4/16 0:49",0,0,0,68
109,階層確認２,階層確認,2017/4/4,18:00,2017/4/4,2017/4/4,100,1,"no comment",2,24,104,2,階層確認,0,1,"2017/4/16 0:49",0,0,0,69
110,階層確認３,階層確認,2017/4/4,18:00,2017/4/4,2017/4/4,100,1,"no comment",3,24,109,0,階層確認,0,1,"2017/4/16 0:49",0,0,0,70
111,階層確認３,階層確認,2017/4/4,18:00,2017/4/4,2017/4/4,100,1,"no comment",3,24,109,0,階層確認,0,1,"2017/4/16 0:49",0,0,0,71
112,階層確認２,階層確認２,2017/5/1,3:45,2017/4/19,2017/4/30,100,1,"no comment",2,24,104,0,階層確認２,0,1,"2017/4/16 0:49",0,0,0,72
113,階層確認１,階層確認,2017/4/4,18:00,2017/4/4,2017/4/4,100,1,"no comment",2,24,24,4,階層確認,0,1,"2017/4/16 0:49",0,0,0,73
114,階層確認２,階層確認,2017/4/4,18:00,2017/4/4,2017/4/4,100,1,"no comment",2,24,113,1,階層確認,0,1,"2017/4/16 0:49",0,0,0,74
115,階層確認３,階層確認,2017/4/4,18:00,2017/4/4,2017/4/4,100,1,"no comment",3,24,114,0,階層確認,0,1,"2017/4/16 0:49",0,0,0,75
116,階層確認2,階層確認,2017/4/4,18:00,2017/4/4,2017/4/4,100,1,"no comment",2,24,113,0,階層確認,0,1,"2017/4/16 0:49",0,0,0,76
117,階層確認３,階層確認,2017/4/4,18:00,2017/4/4,2017/4/4,100,1,"no comment",4,24,115,0,階層確認,0,1,"2017/4/16 0:49",0,0,0,77
118,階層確認２,階層確認,2017/4/4,18:00,2017/4/4,2017/4/4,100,1,"no comment",2,24,113,2,階層確認,0,1,"2017/4/16 0:49",0,0,0,78
119,階層確認３,階層確認,2017/4/4,18:00,2017/4/4,2017/4/4,100,1,"no comment",3,24,118,0,階層確認,0,1,"2017/4/16 0:49",0,0,0,79
120,階層確認３,階層確認,2017/4/4,18:00,2017/4/4,2017/4/4,100,1,"no comment",3,24,118,0,階層確認,0,1,"2017/4/16 0:49",0,0,0,80
121,階層確認２,階層確認２,2017/5/1,3:45,2017/4/19,2017/4/30,100,1,"no comment",2,24,113,0,階層確認２,0,1,"2017/4/16 0:49",0,0,0,81
122,wwwwwww,wwwwwwww,2017/5/27,18:00,2017/5/28,2017/5/27,100,1,"no comment",1,122,0,0,wwwwwwww,0,1,"2017/5/27 21:33",0,0,0,0
123,削除確認１,1,2017/7/1,18:00,2017/7/1,2017/7/1,100,1,"no comment",1,123,0,2,,0,1,"2017/7/1 18:35",0,0,0,0
124,削除確認２,これを消す,2017/7/1,18:00,2017/7/1,2017/7/1,0,0,"no comment",2,123,123,0,,0,1,"2017/7/1 18:35",0,1,0,0
125,削除確認３,3,2017/7/1,18:00,2017/7/1,2017/7/1,100,1,"no comment",2,123,123,0,,0,1,"2017/7/1 18:35",0,0,0,1
126,削除確認３,3,2017/7/1,19:00,2017/7/1,2017/7/1,100,1,"no comment",2,123,123,0,,0,1,"2017/7/1 18:36",0,0,0,2
127,"ソードアートオンラインを読むchange","ソードアートオンラインを読む<br>にゃー",2017/7/6,18:00,2017/7/6,2017/7/6,18.33333333,0,"no comment",1,127,0,6,なし,0,1,"2017/7/6 0:56",0,0,0,0
128,"ソードアートオンラインを読む２change","ソードアートオンラインを読む２",2017/7/6,18:00,2017/7/6,2017/7/6,0,0,"no comment",2,127,127,0,なし,0,1,"2017/7/6 0:56",0,0,,1
129,"ソードアートオンラインを読む３change","ソードアートオンラインを読む３",2017/7/6,18:00,2017/7/6,2017/7/6,100,1,"no comment",2,127,127,0,,0,1,"2017/7/6 0:56",0,0,,2
130,aaa,,2017/7/6,18:00,2017/7/6,2017/7/6,10,0,"no comment",2,127,127,1,,0,1,"2017/7/6 0:56",0,0,,3
131,"ソードアートオンラインを読む３−３change","ソードアートオンラインを読む３−３",2017/7/6,18:00,2017/7/6,2017/7/6,10,0,"no comment",3,127,130,0,,0,1,"2017/7/6 0:56",0,0,,4
132,"ソードアートオンラインを読む４change","ソードアートオンラインを読む４",2017/7/6,18:00,2017/7/6,2017/7/6,0,0,"no comment",2,127,127,0,なし,0,1,"2017/7/6 0:56",0,0,,5
133,ddd,,2017/7/6,18:00,2017/7/6,2017/7/6,0,0,"no comment",2,127,127,0,,0,1,"2017/7/6 0:56",0,0,,6
134,sss,,2017/7/6,18:00,2017/7/6,2017/7/6,0,0,"no comment",2,127,127,0,,0,1,"2017/7/6 0:56",0,0,,7
135,sss,,2017/7/7,18:00,2017/7/7,2017/7/17,100,1,"no comment",1,135,0,0,,0,1,"2017/7/6 2:22",0,0,0,0
136,sssbbbbbbbbbb,,2017/7/6,"9:00 AM",2017/7/6,2017/7/6,0,0,"no comment",1,136,0,0,,0,1,"2017/7/6 2:43",0,0,0,0
137,削除確認,1,2017/7/10,18:00,2017/7/10,2017/7/10,100,1,"no comment",1,137,0,2,,0,1,"2017/7/10 1:49",0,0,10,0
138,削除確認２,削除確認,2017/7/10,18:00,2017/7/10,2017/7/10,100,1,"no comment",2,137,137,1,,0,1,"2017/7/10 1:49",0,0,,1
139,削除確認３,削除確認,2017/7/10,18:00,2017/7/10,2017/7/10,100,1,"no comment",3,137,138,0,,0,1,"2017/7/10 1:49",0,0,,2
140,削除確認４,4,2017/7/10,18:00,2017/7/10,2017/7/10,100,1,,2,137,137,0,,0,1,"2017/7/10 1:49",0,0,,3
141,setDateTimeTest,tesuto,2017/7/18,18:00,2017/7/10,2017/7/18,75,0,"no comment",1,141,0,2,tesuto,1,1,"2017/7/10 3:09",0,0,0,0
142,tesuto2,tesuto2,2017/7/18,18:00,2017/7/10,2017/7/18,50,0,,2,141,141,2,tesuto,0,1,"2017/7/10 3:09",0,0,,1
143,tesuto3,tesuto3,2017/9/1,18:00,2017/7/10,2017/7/18,37.5,0,,3,141,142,0,tesuto3,0,1,"2017/7/10 3:09",0,0,,2
144,tesuto3-2,tesuto3-2,2017/7/18,18:00,2017/7/10,2017/7/18,27.5,0,,3,141,142,0,tesuto3-2,0,1,"2017/7/10 3:09",0,0,,3
145,tesuto2-2,tesuto322,2017/7/18,18:00,2017/7/10,2017/7/18,0,0,"no comment",2,141,141,1,tesuto2-2,0,1,"2017/7/10 3:09",0,0,,4
146,tesu,tesu,2017/7/19,18:00,2017/7/10,2017/7/18,0,0,"no comment",3,141,145,0,tesu,0,1,"2017/7/10 3:09",0,0,,5
147,明後日まで,,2017/7/13,18:00,2017/7/11,2017/7/11,0,0,"no comment",1,147,0,0,,0,1,"2017/7/11 22:31",0,0,0,0
148,s,s,2017/7/18,8:00,2017/7/18,2017/7/18,0,0,"no comment",1,148,0,0,,0,1,"2017/7/18 23:35",0,0,0,0
149,時間管理テーマのテスト,,,18:00,,,100,1,"no comment",1,149,0,0,,2,1,"2017/7/25 1:52",0,0,20,0
150,時間管理テーマのテスト,,,18:00,,,10,0,"no comment",1,150,0,0,,2,1,"2017/7/25 1:52",1,0,20,0
151,[change]階層確認１,階層確認1,1970/1/1,18:00,1970/1/1,1970/1/1,100,1,"no comment",1,151,0,3,階層確認,0,1,"2017/8/5 23:43",1,0,0,0
152,[change]階層確認２,階層確認2,1970/1/1,18:00,1970/1/1,1970/1/1,100,1,"no comment",2,151,151,1,階層確認,0,1,"2017/8/5 23:43",0,0,,1
153,[change]階層確認３,階層確認3,1970/1/1,18:00,1970/1/1,1970/1/1,100,1,"no comment",3,151,152,0,階層確認,0,1,"2017/8/5 23:43",0,0,,2
154,[change]階層確認2,階層確認4,1970/1/1,18:00,1970/1/1,1970/1/1,100,1,"no comment",2,151,151,1,階層確認,0,1,"2017/8/5 23:43",0,0,,3
155,[change]階層確認３,階層確認5,1970/1/1,18:00,1970/1/1,1970/1/1,100,1,"no comment",3,151,154,0,階層確認,0,1,"2017/8/5 23:43",0,0,,4
156,[change]階層確認２,階層確認6,1970/1/1,18:00,1970/1/1,1970/1/1,100,1,"no comment",2,151,151,0,階層確認,0,1,"2017/8/5 23:43",0,0,,5
157,タブテスト,"あああ	あああ	ｓｓｓ",2017/9/8,18:00,2017/9/8,2017/9/8,0,0,"no comment",1,157,0,0,,0,1,"2017/9/8 14:42",0,0,0,0
158,ｔっつと,SDｖｄｚんｆｂｆｂｚｆんざｆｎ,2017/9/10,18:00,2017/9/10,2017/9/10,0,0,"no comment",1,158,0,1,,0,1,"2017/9/10 15:57",0,1,0,0
159,ｚんｇｄｎ,NgFrnANFAEN,2017/9/10,18:00,2017/9/10,2017/9/10,0,0,"no comment",2,158,158,0,,0,1,"2017/9/10 15:57",0,1,,0
160,setDateTimeTest,tesuto,2017/09/17,18:00,2017/09/17,2017/09/17,0,0,"no comment",1,160,0,3,tesuto,1,1,"2017/9/17 22:30",0,0,10,0
161,tesuto2,tesuto2,2017/09/17,18:00,2017/09/17,2017/09/17,0,0,"no comment",2,160,160,3,tesuto,0,1,"2017/9/17 22:30",0,0,10,1
162,tesuto3,tesuto3,2017/09/17,18:00,2017/09/17,2017/09/17,0,0,"no comment",3,160,161,0,tesuto3,0,1,"2017/9/17 22:30",0,0,10,2
163,tesuto3-2,tesuto3-2,2017/09/17,18:00,2017/09/17,2017/09/17,0,0,"no comment",3,160,161,0,tesuto3-2,0,1,"2017/9/17 22:30",0,0,10,3
164,tesuto2-2,tesuto322,2017/09/17,18:00,2017/09/17,2017/09/17,0,0,"no comment",2,160,160,1,tesuto2-2,0,1,"2017/9/17 22:30",0,0,10,4
165,tesu,tesu,2017/09/17,18:00,2017/09/17,2017/09/17,0,0,"no comment",3,160,164,0,tesu,0,1,"2017/9/17 22:30",0,0,10,5
166,setDateTimeTest,tesuto,2017/09/18,18:00,2017/09/18,2017/09/18,0,0,"no comment",1,166,0,2,tesuto,1,1,"2017/09/18 17:36:11",0,0,10,0
167,tesuto2,tesuto2,2017/09/18,18:00,2017/09/18,2017/09/18,0,0,"no comment",2,166,166,4,tesuto,0,1,"2017/09/18 17:36:11",0,0,10,1
168,tesuto3,tesuto3,2017/09/18,18:00,2017/09/18,2017/09/18,0,0,"no comment",3,166,167,0,tesuto3,0,1,"2017/09/18 17:36:11",0,0,10,2
169,tesuto3とtesuto3-2の間,tesuto3とtesuto3-2,2017/09/18,18:00,2017/09/18,2017/09/18,0,0,"no comment",3,166,167,0,,0,1,"2017/09/18 17:36:11",0,0,10,3
170,tesuto3-2,tesuto3-2,2017/09/18,18:00,2017/09/18,2017/09/18,0,0,"no comment",3,166,167,0,tesuto3-2,0,1,"2017/09/18 17:36:11",0,0,10,5
171,tesuto2-2,tesuto322,2017/09/18,18:00,2017/09/18,2017/09/18,0,0,"no comment",2,166,166,1,tesuto2-2,0,1,"2017/09/18 17:36:11",0,0,10,6
172,tesu,tesu,2017/09/18,18:00,2017/09/18,2017/09/18,0,0,"no comment",3,166,171,0,tesu,0,1,"2017/09/18 17:36:11",0,0,10,7
173,tesuto3とtesuto3-2の間２,tesuto3とtesuto3-2の間２,2017/09/18,18:00,2017/09/18,2017/09/18,0,0,"no comment",3,166,167,0,,0,1,"2017/09/18 17:36:53",0,0,10,4
